molecular_weight,logP,num_atoms,num_bonds,num_rings,num_aromatic_rings,hbd,hba,tpsa,rotatable_bonds,drug_name,drug_id
368.38500000000005,3.3699000000000026,27,28,2,2,2,6,93.06000000000002,8,Curcumin,DB11672
349.34100000000007,1.4219999999999993,25,27,3,2,4,4,98.91,4,"4-{[(2,6-difluorophenyl)carbonyl]amino}-N-[(3S)-piperidin-3-yl]-1H-pyrazole-3-carboxamide",DB08141
467.34900000000016,3.5311200000000023,31,34,4,2,1,5,80.86,6,PF-06821497,DB14799
353.3300000000001,3.517800000000003,26,28,3,3,1,6,110.65,5,Acenocoumarol,DB01418
311.284,4.611800000000001,21,23,3,2,2,3,49.33,1,Flutiazin,DB20360
296.322,3.333700000000001,22,25,5,2,1,3,55.76,3,9-(2-carboxyethyl)-10-methylanthracene endoperoxide,DB08332
248.24599999999995,-0.40750000000000014,18,20,3,2,3,6,118.81000000000002,3,(5R)-5-{[(2-Amino-3H-purin-6-yl)oxy]methyl}-2-pyrrolidinone,DB02898
201.35399999999998,3.7013000000000025,14,13,0,0,0,1,23.06,9,Capric dimethyl amine oxide,DB02613
480.4660000000003,-1.3574999999999977,34,39,8,1,5,11,164.36999999999998,6,Peoniflorin,DB16288
224.21199999999996,1.5071999999999999,16,16,1,1,2,4,75.99000000000001,4,Sinapic acid,DB08587
286.22299999999996,-0.9478000000000006,20,21,2,1,3,8,159.36,3,Azvudine,DB16407
134.135,-1.321299999999999,9,8,0,0,3,4,98.57,4,Canaline,DB02821
205.17899999999995,1.6975,14,14,1,1,2,2,46.25,2,(1R)-2-amino-1-[3-(trifluoromethyl)phenyl]ethanol,DB08129
149.237,1.837,11,11,1,1,1,1,12.03,3,Levmetamfetamine,DB09571
309.33099999999996,4.435000000000003,22,23,2,2,1,2,21.259999999999998,6,Fluoxetine,DB00472
407.4340000000002,2.1207199999999995,30,34,5,4,1,10,127.0,6,Ciforadenant,DB16125
487.30700000000013,-1.2532999999999963,30,30,1,1,6,6,173.92999999999998,11,N-(Bromoacetyl)-beta-alanyl-N-(2-{4-[(carboxycarbonyl)amino]phenyl}ethyl)-L-serinamide,DB02784
426.4840000000002,2.835100000000001,32,35,4,4,2,9,139.42000000000002,5,Etrumadenant,DB17506
532.1280000000004,8.438300000000007,38,41,4,4,0,5,39.52,14,Azeliragon,DB12689
588.427,-4.087099999999994,40,44,5,3,8,18,305.63999999999993,8,Cytidyl-2'-5'-phospho-guanosine,DB03638
332.44400000000013,2.26936,24,26,3,1,3,4,70.59,2,Sonlicromanol,DB16333
971.7219999999999,-0.14669999999999866,63,67,5,3,10,22,402.31999999999994,21,Sinapoyl coenzyme A,DB03179
442.319,5.628300000000003,31,34,4,4,1,5,76.83000000000001,4,ASP-4058,DB11819
371.42600000000004,1.09568,26,29,4,3,1,7,120.56,5,Baricitinib,DB11817
361.44100000000003,5.172200000000005,27,30,4,3,1,3,59.42,6,Veliflapon,DB16346
473.3810000000001,4.292600000000002,33,35,3,3,3,8,108.74,6,Enasidenib,DB13874
245.088,-2.0178,11,10,0,0,4,4,120.85000000000002,4,S-Arsonocysteine,DB03352
439.5630000000002,5.247520000000005,33,37,5,3,1,4,85.67,4,Denifanstat,DB17576
447.4740000000001,2.862120000000001,33,37,5,4,0,8,90.96000000000001,5,Vornorexant,DB21483
238.29000000000002,3.1242400000000012,18,20,3,2,2,1,44.89,1,Semaxanib,DB06436
132.9059107,0.0,1,0,0,0,0,0,0.0,0,Xenon-133,DB09315
401.40500000000014,3.364200000000001,30,34,5,5,2,7,101.38000000000002,4,Acalisib,DB15407
254.14999999999998,0.4794000000000001,18,18,1,1,4,4,149.2,4,Pyromellitic Acid,DB02749
522.5620000000004,4.865400000000005,37,41,5,3,3,4,54.53000000000001,9,Giredestrant,DB19125
404.55800000000016,5.638540000000005,30,33,4,4,2,4,53.18000000000001,8,Retelliptine,DB21201
453.8400000000002,-9.658100000000001,27,24,0,0,10,14,282.55999999999995,10,Copper gluconate,DB11246
256.33299999999997,4.211500000000004,16,15,0,0,0,2,17.07,9,"1,1,1-TRIFLUORO-3-(OCTYLTHIO)ACETONE",DB08612
360.4500000000001,1.5575999999999997,26,29,4,0,3,5,94.83000000000001,2,Prednisolone,DB00860
318.4570000000001,4.963500000000004,23,22,0,0,2,2,57.53,13,"(5R,6E,8Z,11Z,14Z,17Z)-5-hydroxyicosa-6,8,11,14,17-pentaenoic acid",DB07172
311.341,2.6346799999999995,23,24,2,2,2,4,85.59,5,"N-{2-[(4'-CYANO-1,1'-BIPHENYL-4-YL)OXY]ETHYL}-N'-HYDROXY-N-METHYLUREA",DB06971
157.16899999999998,0.08190000000000003,11,11,1,0,1,2,57.61000000000001,1,N-Acetylproline,DB03360
396.4870000000002,3.968760000000003,29,31,3,2,1,4,67.87,2,"N-(TERT-BUTYL)-3,5-DIMETHYL-N'-[(5-METHYL-2,3-DIHYDRO-1,4-BENZODIOXIN-6-YL)CARBONYL]BENZOHYDRAZIDE",DB07929
398.5540000000002,2.4999200000000004,26,27,2,1,2,8,101.57000000000001,10,Fursultiamine,DB08966
180.15599999999998,-3.3771999999999998,12,11,0,0,5,6,118.22000000000001,5,Psicose,DB15087
356.41800000000006,4.3655000000000035,25,27,3,2,1,2,54.37,4,Sulindac,DB00605
302.41400000000004,4.002000000000003,22,23,2,0,0,3,43.370000000000005,5,Bioallethrin,DB13746
263.206,-4.417999999999997,18,19,2,0,6,8,165.57999999999998,1,"(5S,7R,8S,9S,10R)-3-Amino-8,9,10-trihydroxy-7-(hydroxymethyl)-6-oxa-1,3-diazaspiro[4.5]decane-2,4-dione",DB01843
285.318,3.540300000000002,21,23,3,2,1,2,42.09,2,4-[(CYCLOPROPYLETHYNYL)OXY]-6-FLUORO-3-ISOPROPYLQUINOLIN-2(1H)-ONE,DB07864
286.41999999999996,2.2032,20,19,0,0,4,6,89.24000000000001,9,Upenazime,DB20297
460.6990000000004,5.8638000000000075,33,35,3,0,3,4,69.92,9,Lexacalcitol,DB03451
662.442,-2.544199999999997,44,48,5,3,6,18,295.07000000000005,11,3-Acetylpyridine Adenine Dinucleotide,DB03363
426.8600000000002,4.071900000000002,30,33,4,3,3,5,115.57,6,Lenvatinib,DB09078
319.407,2.918700000000001,21,22,2,1,1,4,57.61,4,Epalrestat,DB15293
343.31600000000003,2.7481,23,23,1,1,3,4,112.93000000000002,10,PHENYL[1-(N-SUCCINYLAMINO)PENTYL]PHOSPHONATE,DB07893
446.3700000000001,3.5786000000000024,27,29,3,3,2,4,71.09,8,H-89,DB07995
461.47100000000034,2.6398200000000003,32,36,5,3,1,9,109.13000000000001,4,Prulifloxacin,DB11892
339.3950000000001,3.132180000000001,25,27,3,2,2,5,89.5,4,5-CYANO-FURAN-2-CARBOXYLIC ACID [5-HYDROXYMETHYL-2-(4-METHYL-PIPERIDIN-1-YL)-PHENYL]-AMIDE,DB07167
455.55100000000033,4.402500000000004,33,34,2,1,1,7,90.92999999999999,7,Lacidipine,DB09236
497.5000000000003,1.0202999999999995,36,40,5,2,5,10,176.60999999999999,3,Idarubicin,DB01177
633.6500000000003,2.2257999999999996,46,51,6,3,5,12,195.06999999999996,8,Berubicin,DB17149
336.479,4.135100000000004,25,27,3,2,0,2,23.55,5,α-Methylacetylfentanyl,DB01532
245.662,1.1750000000000003,16,16,1,1,2,4,81.78000000000002,5,Chlorphenesin carbamate,DB14656
309.271,-3.8717999999999972,21,21,1,0,7,8,176.77999999999997,5,N-acetyl-alpha-neuraminic acid,DB03721
398.3980000000002,5.348500000000005,24,23,0,0,3,4,104.06,11,Farnesyl thiopyrophosphate,DB04695
242.702,3.060500000000001,16,16,1,1,0,3,35.53,4,Clofibrate,DB00636
269.127,3.9954000000000023,17,18,2,2,2,2,40.46,2,Dichlorophen,DB11396
243.332,0.4019000000000005,16,17,2,0,3,5,87.71,5,2-Iminobiotin,DB03353
393.4900000000001,5.472840000000005,30,34,5,4,1,3,54.88,4,N-cyclopropyl-4-methyl-3-[1-(2-methylphenyl)phthalazin-6-yl]benzamide,DB07307
418.9680000000002,5.7815000000000065,30,33,4,3,0,3,23.55,7,Lofepramine,DB13411
236.658,2.2035,16,17,2,2,2,3,68.25999999999999,2,5-(2-chlorophenyl)furan-2-carbohydrazide,DB08757
400.24958900000007,2.2195,21,22,2,1,2,4,61.80000000000001,5,Iolopride I-123,DB20028
368.4330000000001,2.4965,27,29,3,3,4,5,94.57999999999998,7,Carmoterol,DB15784
381.9070000000001,1.6995000000000002,23,24,2,1,3,5,118.35999999999999,4,Mebutizide,DB13430
391.51500000000004,3.9337000000000026,29,31,3,2,1,3,62.300000000000004,8,Daporinad,DB12731
196.155,-3.4930999999999996,13,12,0,0,6,6,138.45000000000002,5,Gluconic Acid,DB13180
427.20300000000003,-1.7460000000000009,27,29,3,2,6,11,232.59999999999997,6,"Adenosine 3',5'-diphosphate",DB01812
345.39500000000015,2.5531000000000006,25,27,3,2,3,6,80.18,5,Tretoquinol,DB13692
321.326,-4.212899999999995,22,23,2,0,8,9,162.87,3,"N-[4-hydroxymethyl-cyclohexan-6-yl-1,2,3-triol]-4,6-dideoxy-4-aminoglucopyranoside",DB02218
297.42299999999994,4.283820000000003,21,23,3,2,0,2,12.47,2,Tolindate,DB19984
360.2440000000001,4.5816000000000034,24,26,3,2,1,4,45.980000000000004,4,Uldazepam,DB21290
202.213,1.8706199999999995,15,16,2,2,1,3,54.980000000000004,2,Tolimidone,DB16841
365.5020000000002,4.007780000000003,26,29,4,2,1,5,50.5,4,Periciazine,DB01608
233.35500000000002,3.155700000000002,17,18,2,1,1,2,23.47,2,Meptazinol,DB13478
355.84700000000004,0.8528999999999998,23,25,3,2,1,6,65.78,4,Tiaramide,DB20499
156.707,0.4596,3,2,0,0,0,0,0.0,0,Stannous fluoride,DB11092
494.32600000000014,5.223170000000002,31,35,5,3,2,5,106.96,3,Bioymifi,DB17493
330.2530000000001,-4.858599999999997,23,24,2,2,7,9,201.49999999999997,5,"6,7-dioxo-5H-8-ribitylaminolumazine",DB02214
401.2950000000001,3.81672,28,30,3,3,3,5,106.07,3,Tersolisib,DB21752
329.396,2.0180999999999996,24,27,4,1,1,5,59.0,2,Sinomenine,DB16892
320.238,0.2676199999999999,21,21,1,1,5,6,149.20999999999998,7,N-(5'-Phosphopyridoxyl)-D-Alanine,DB01993
383.73800000000006,5.2477,20,22,3,3,1,6,54.46,3,Subendazole,DB21419
315.218,0.3182999999999998,21,22,2,1,4,4,133.16,5,2-METHYLCARBAMOYL-3-(4-PHOSPHONOOXY-PHENYL)-CYCLOPROPANECARBOXYLIC ACID,DB08434
379.48200000000026,1.7663,26,27,2,2,3,5,112.73000000000002,9,Dansyllysine,DB04676
195.111,-0.4557000000000001,12,12,1,0,3,3,98.07,1,(1-Hydroxy-2-oxopiperidin-3-yl)phosphonic acid,DB17108
532.5560000000003,-1.893999999999995,36,39,4,2,3,8,190.88,8,Cefsulodin,DB13499
374.44100000000026,1.7962999999999996,27,29,3,1,3,5,125.62,5,Frunexian,DB18771
256.258,-1.2602999999999993,18,19,2,1,3,6,104.54999999999998,3,Edoxudine,DB13421
109.12799999999999,0.5739,8,8,1,1,1,2,33.120000000000005,1,Nicotinyl alcohol,DB04145
545.1870000000004,5.6895000000000024,31,34,4,4,2,6,97.48,6,IOWH-032,DB12959
324.29300000000006,0.6747000000000001,23,25,3,1,0,8,110.65,5,Furaltadone,DB16567
262.30899999999997,1.4951999999999999,19,21,3,0,2,3,75.27000000000001,2,Reposal,DB13805
334.03200000000015,3.5680000000000005,22,20,0,0,0,0,0.0,16,Quaternium-24,DB13969
477.47700000000026,1.1929000000000003,35,37,3,3,5,7,178.70999999999998,10,"10-Propargyl-5,8-Dideazafolic Acid",DB03541
449.5910000000003,5.425800000000006,33,37,5,1,1,5,68.12,5,Asoprisnil,DB06680
316.158,2.6336000000000004,19,21,3,2,1,3,54.35,1,Bromazepam,DB01558
275.19700000000006,3.154700000000002,18,18,1,1,0,6,87.9,7,Paraoxon,DB13495
355.5220000000001,4.604480000000004,26,27,2,2,0,3,21.700000000000003,9,Xyloxemine,DB20900
180.16699999999997,-1.0397000000000005,13,14,2,2,1,5,72.68,0,Theophylline,DB00277
417.59400000000016,3.055100000000002,30,31,2,1,0,4,53.09,10,Idaverine,DB21246
329.2300000000002,4.926200000000004,22,25,4,3,0,2,17.82,1,Eberconazole,DB13656
348.51000000000005,4.661000000000004,26,30,5,2,0,1,9.23,2,"(3-EXO)-3-(10,11-DIHYDRO-5H-DIBENZO[A,D][7]ANNULEN-5-YLOXY)-8,8-DIMETHYL-8-AZONIABICYCLO[3.2.1]OCTANE",DB07494
404.50300000000027,2.3524000000000003,29,32,4,0,2,6,100.9,3,Hydrocortisone acetate,DB14539
381.51600000000013,4.839600000000005,28,31,4,2,0,4,30.930000000000003,6,Terikalant,DB20720
120.15099999999995,1.8892,9,9,1,1,0,1,17.07,1,Acetophenone,DB04619
582.7010000000005,5.764140000000005,43,48,6,4,1,8,98.94,9,Avenciguat,DB18882
200.21599999999998,2.8656000000000015,15,17,3,3,0,2,17.82,0,"6-fluoro-9-methyl-9H-pyrido(3,4-B)-indole",DB18118
252.24999999999997,-0.47639999999999977,18,18,1,1,4,3,123.14000000000001,4,4-(Acetylamino)-3-[(Aminoacetyl)Amino]Benzoic Acid,DB02829
253.94799999999998,1.1472,11,11,1,1,2,2,46.25,1,Dichlorophenarsine,DB19861
379.46400000000017,2.972100000000001,28,31,4,3,2,6,81.07000000000001,6,"1-ethyl-N-(phenylmethyl)-4-(tetrahydro-2H-pyran-4-ylamino)-1H-pyrazolo[3,4-b]pyridine-5-carboxamide",DB06909
216.241,-1.1610299999999976,15,14,0,0,5,3,128.3,6,N-acetyl-L-arginine,DB01985
748.996,1.9007000000000054,52,54,3,0,5,14,180.08,7,Azithromycin,DB00207
298.45500000000004,4.487000000000004,21,23,3,2,0,3,6.48,4,Alimemazine,DB01246
262.3019999999999,-0.14959999999999862,18,19,2,0,0,6,61.980000000000004,13,Etoglucid,DB13339
313.397,2.718420000000001,23,25,3,1,1,3,49.769999999999996,0,Mavoglurant,DB13004
163.173,-2.9667999999999988,11,11,1,0,5,5,92.95,1,Duvoglustat,DB03206
947.1660000000004,-0.02839999999999271,66,72,7,0,12,18,298.14,12,Ginsenoside B2,DB14815
272.256,2.4819000000000004,20,21,2,2,2,4,83.83000000000001,5,Tucaresol,DB13027
639.0650000000004,14.986399999999962,47,47,1,1,1,1,20.23,23,"2-[(2e,6e,10e,14e,18e,22e,26e)-3,7,11,15,19,23,27,31-Octamethyldotriaconta-2,6,10,14,18,22,26,30-Octaenyl]Phenol",DB03232
305.2049999999999,1.925,19,19,1,1,2,3,66.56,8,Melphalan,DB01042
393.52700000000016,4.7874200000000044,29,32,4,2,1,3,47.56,6,HT-0712,DB11650
419.50000000000006,5.095420000000005,31,34,4,3,0,4,47.36,5,E-2012,DB05171
350.37700000000007,1.9179000000000002,23,25,3,2,2,6,119.47,3,"4-{5-[(Z)-(2,4-DIOXO-1,3-THIAZOLIDIN-5-YLIDENE)METHYL]FURAN-2-YL}BENZENESULFONAMIDE",DB07531
365.4320000000001,5.162500000000004,28,31,4,4,1,2,50.19,5,Picotrin,DB19462
872.877,3.0340999999999996,63,70,8,6,9,15,310.33,13,EC-17,DB12559
257.245,2.3427000000000002,19,20,2,2,3,3,86.63000000000001,3,Benzoylpas,DB19382
308.2490000000001,2.2447999999999997,23,26,4,2,2,6,113.52000000000001,1,Pirenoxine,DB15945
771.9129999999998,2.2487000000000053,55,57,3,1,8,9,281.69999999999993,22,(4S)-5-[[(1S)-1-Carboxy-2-cyclohexylethyl]amino]-4-[[(2S)-2-[[(3R)-4-cyclohexyl-2-oxo-3-(phenylmethoxycarbonylamino)butanoyl]amino]-5-(diaminomethylideneamino)pentanoyl]amino]-5-oxopentanoic acid,DB01984
260.381,3.1179400000000017,19,20,2,1,1,2,32.34,3,Pincainide,DB20097
635.6650000000001,3.3203400000000016,44,48,5,2,2,7,137.48,7,PCO-371,DB14946
325.34800000000007,1.833,19,19,1,1,0,6,65.07000000000001,6,Famphur,DB11408
504.4500000000003,5.081040000000006,38,45,8,8,6,8,155.52,0,Hypericin,DB13014
438.5310000000003,4.174100000000004,33,38,6,4,2,4,70.13,5,"3-(1H-indol-3-yl)-4-{1-[2-(1-methylpyrrolidin-2-yl)ethyl]-1H-indol-3-yl}-1H-pyrrole-2,5-dione",DB07458
584.6510000000001,2.458500000000001,40,40,1,1,6,6,197.15,20,Fosgonimeton,DB21516
879.9709999999999,6.97340000000001,65,74,10,7,4,14,207.02999999999997,9,Locnartecan,DB16186
246.19399999999996,-1.6851999999999994,17,18,2,1,3,6,104.54999999999998,1,Doxifluridine,DB12947
308.38100000000003,3.7653000000000025,23,25,3,2,0,4,43.71000000000001,4,GTS-21,DB05708
475.2610000000002,5.939920000000004,29,30,2,2,2,4,92.47,3,Bromoxanide,DB20437
422.45000000000005,6.646500000000005,31,34,4,4,2,2,48.910000000000004,4,Mavatrep,DB12875
322.3400000000001,2.971000000000001,24,28,5,3,0,4,51.06,2,"2,3-DIMETHOXY-12H-[1,3]DIOXOLO[5,6]INDENO[1,2-C]ISOQUINOLIN-6-IUM",DB07354
252.099,1.0405999999999997,15,15,1,1,4,2,115.06,3,RU78783,DB02908
362.36100000000016,1.2651,26,28,3,3,5,6,137.39000000000001,6,[2-(1-Amino-2-Hydroxy-Propyl)-4-(4-Fluoro-1h-Indol-3-Ylmethyl)-5-Hydroxy-Imidazol-1-Yl]-Acetic Acid,DB01674
492.94900000000007,4.149200000000001,22,23,2,2,3,4,81.92,3,"4-bromo-N'-[(1E)-(3,5-dibromo-2,4-dihydroxyphenyl)methylidene]benzohydrazide",DB07098
214.61199999999997,-0.3863000000000001,14,15,2,2,1,5,72.68,0,8-chlorotheophylline,DB14132
453.9290000000002,4.979640000000004,33,36,4,4,2,3,71.09,2,Vodobatinib,DB17141
442.48100000000017,5.628000000000005,32,35,4,3,2,2,56.330000000000005,5,AZD-9496,DB15138
447.4300000000001,-3.886599999999996,30,32,3,2,6,14,238.02999999999994,7,5'-O-(L-Threonylsulfamoyl)adenosine,DB03355
644.8819999999998,5.234620000000005,46,51,6,3,3,6,99.77000000000001,11,Ibodutant,DB12042
564.6830000000004,4.4074000000000035,41,45,5,2,1,7,100.65,9,DMP-777,DB18488
170.17199999999997,-0.3860000000000001,12,13,2,1,0,4,66.18,1,Linsidomine,DB13400
279.336,2.5472000000000006,20,20,1,1,3,3,86.63000000000001,9,Salcaprozic acid,DB18517
334.18100000000004,0.8429999999999997,20,23,4,3,1,7,71.24,2,Izuforant,DB21571
371.4660000000001,3.2826000000000013,26,28,3,2,2,5,73.68,4,Amocarzine,DB20407
454.34200000000027,5.083800000000004,27,29,3,2,3,5,95.86000000000001,7,4-BROMO-3-(CARBOXYMETHOXY)-5-[3-(CYCLOHEXYLAMINO)PHENYL]THIOPHENE-2-CARBOXYLIC ACID,DB06829
475.63600000000014,5.073400000000004,32,34,3,3,1,7,90.29,10,Buloxibutid,DB18038
388.46400000000017,2.5828000000000007,28,29,2,2,1,6,69.26,10,Trimethobenzamide,DB00662
275.09299999999996,1.0646000000000004,12,12,1,1,2,1,64.4,2,Iobenguane,DB06704
474.5650000000002,2.643700000000001,35,39,5,3,2,6,93.80000000000001,6,Danusertib,DB11778
378.49100000000004,5.106100000000005,28,32,5,3,1,2,28.259999999999998,2,Cebranopadol,DB12830
255.665,0.6878999999999995,17,18,2,1,1,3,83.66,3,Imidacloprid,DB11421
431.45800000000014,4.577620000000004,31,34,4,3,0,5,47.36000000000001,6,MK-0249,DB11910
538.6440000000003,6.947570000000007,40,43,4,4,3,6,100.87,10,Amelubant,DB06248
329.783,3.7448000000000023,23,25,3,3,1,4,51.47,5,7-[(3-CHLOROBENZYL)OXY]-4-[(METHYLAMINO)METHYL]-2H-CHROMEN-2-ONE,DB07513
137.998,0.11099999999999993,5,4,0,0,1,1,37.3,0,Cacodylic acid,DB02994
392.4620000000001,5.189700000000003,30,34,5,5,1,4,63.69,6,2-({4-[4-(pyridin-4-ylmethyl)-1H-pyrazol-3-yl]phenoxy}methyl)quinoline,DB08384
321.16300000000007,4.089600000000002,21,23,3,3,1,3,55.12,3,Lonidamine,DB06266
260.31399999999996,3.167200000000001,18,19,2,2,1,3,54.37,4,Tiaprofenic acid,DB01600
349.34300000000013,-0.9634999999999987,25,28,4,0,2,8,130.10000000000002,4,Mitomycin A,DB19369
279.32500000000005,2.3027000000000006,19,20,2,2,0,7,86.74000000000001,4,Tivanidazole,DB20215
230.27,0.6493000000000002,14,15,2,2,2,5,93.28000000000002,1,"6-HYDROXY-1,3-BENZOTHIAZOLE-2-SULFONAMIDE",DB08765
375.8710000000001,4.425600000000004,26,28,3,2,1,3,40.54,6,Haloperidol,DB00502
422.50400000000013,3.781200000000003,31,35,5,3,2,4,60.6,5,Lensiprazine,DB20964
190.28299999999996,0.8737999999999999,13,12,1,0,2,2,71.96000000000001,1,Terpin hydrate,DB13163
362.4540000000001,5.489400000000004,26,29,4,4,1,4,47.14,5,"4,5-bis(4-methoxyphenyl)-2-thiophen-2-yl-1H-imidazole",DB08383
306.408,6.687600000000005,24,27,4,4,0,0,0.0,3,p-Quaterphenyl,DB12794
1352.426,-4.515300000000026,94,98,5,4,17,19,551.3999999999999,38,Ceruletide,DB00403
132.15899999999996,-0.13539999999999996,9,9,1,0,2,3,49.69,0,"2,3-Dideoxyfucose",DB03872
126.144,0.43107999999999996,8,8,1,1,1,5,61.6,1,Amitivir,DB21128
839.0549999999995,2.417070000000008,61,66,6,3,9,7,243.49999999999997,12,PMX-205,DB17938
275.39200000000005,3.886400000000002,20,21,2,1,1,3,52.32,3,Meradimate,DB11096
444.53600000000023,1.5262199999999997,32,35,4,2,2,8,110.61000000000001,8,SPH-3127,DB19108
100.185,0.5609999999999993,7,7,1,0,1,0,27.64,0,Cyclohexylammonium Ion,DB02995
308.12,4.499800000000001,20,22,3,3,1,3,63.33,2,Tafamidis,DB11644
383.21899999999994,4.277700000000001,26,27,2,2,3,3,69.56,4,Nelonemdaz,DB21460
346.8930000000001,1.5841,9,9,1,1,1,1,32.86,0,Iopydone,DB20831
393.4680000000001,4.511700000000003,28,31,4,4,2,5,80.32,5,Amsacrine,DB00276
456.42400000000015,2.9385200000000014,33,36,4,4,3,7,100.27000000000001,6,Dilmapimod,DB12140
398.444,5.797700000000004,28,29,2,2,2,3,45.15,3,JPC-3210,DB15609
284.384,3.510320000000001,20,22,3,3,2,2,44.89,4,N-[2-(2-methyl-1H-indol-3-yl)ethyl]thiophene-2-carboxamide,DB08235
133.172,-0.2665,8,8,1,0,2,3,49.33,1,L-thioproline,DB02846
413.4260000000003,2.881800000000001,30,34,5,2,0,8,75.69000000000001,4,Noscapine,DB06174
590.7840000000002,9.788799999999998,42,45,4,4,2,3,61.02,16,Lecimibide,DB20467
150.22099999999998,2.654000000000001,11,10,0,0,0,1,17.07,5,"(5Z,7E,9)-decatrien-2-one",DB15619
670.7280000000004,4.914220000000005,45,48,5,3,2,7,141.51999999999998,6,KD3010,DB05188
181.17199999999997,1.4651,11,10,0,0,1,2,49.77,5,Ethyl hydrogen diethylamidophosphate,DB08658
290.27099999999996,1.5460999999999994,21,23,3,2,5,6,110.38000000000001,1,Epicatechin,DB12039
425.46730533400023,1.7323999999999993,34,37,4,3,3,9,135.95000000000002,8,Deucravacitinib,DB16650
570.3620000000002,-0.6263999999999978,31,31,1,1,7,9,202.51999999999998,13,S-(N-hydroxy-N-iodophenylcarbamoyl)glutathione,DB03330
360.78100000000006,4.104200000000002,24,26,3,2,0,3,49.74,3,Fosazepam,DB19580
298.467,5.079300000000005,21,20,0,0,2,2,57.53,15,Idroxioleic acid,DB18213
296.153,4.364100000000001,19,20,2,2,2,2,49.33,4,Diclofenac,DB00586
155.285,2.659300000000001,11,11,1,0,0,1,3.24,0,Pempidine,DB20967
343.552,4.325600000000002,24,23,0,0,3,3,69.56,17,Cedefingol,DB20268
112.11599999999999,-2.8,8,8,1,1,2,3,82.32000000000001,0,"1,2,4-Triazole-Carboxamidine",DB02048
460.4980000000003,1.9676999999999996,34,38,5,4,3,10,127.47000000000001,7,Zasocitinib,DB19278
429.44200000000035,5.249800000000004,31,34,4,3,1,5,54.46,6,Florifenine,DB21176
420.4250000000002,2.476,31,34,4,3,1,8,116.87,6,Talmetoprim,DB21371
360.2950000000001,3.331600000000001,26,28,3,3,3,3,86.88,4,"{[(2,6-difluorophenyl)carbonyl]amino}-N-(4-fluorophenyl)-1H-pyrazole-3-carboxamide",DB08138
498.78400000000045,5.5239000000000065,34,31,0,0,3,5,67.17,27,Olaflur,DB13290
238.287,1.3510999999999997,17,17,1,0,2,3,75.27000000000001,5,Secobarbital,DB00418
404.6060000000003,-1.4295999999999938,26,27,2,0,2,8,99.13999999999999,7,LH-708,DB17636
115.176,0.07449999999999979,8,8,1,0,1,2,23.47,2,Epolamine,DB21124
536.6500000000002,5.013400000000004,38,42,5,3,0,8,69.7,11,Semotiadil,DB20587
428.43700000000024,2.5364000000000004,31,35,5,1,0,8,109.11000000000001,3,Wortmannin,DB08059
322.11400000000003,3.3741,19,21,3,3,3,5,86.72000000000001,1,"4-bromo-6-(6-hydroxy-1,2-benzisoxazol-3-yl)benzene-1,3-diol",DB07502
620.5110000000003,3.300300000000001,41,45,5,3,2,7,139.46999999999997,7,Relcovaptan,DB13929
397.475,4.338300000000003,29,31,3,2,2,5,79.9,7,Diperodon,DB11513
372.45700000000005,3.791380000000001,27,30,4,4,1,7,87.38000000000001,6,"(2S)-1,3-benzothiazol-2-yl{2-[(2-pyridin-3-ylethyl)amino]pyrimidin-4-yl}ethanenitrile",DB08022
385.4640000000002,2.584320000000001,28,31,4,2,2,7,93.44999999999999,4,PF-06842874,DB18039
448.4980000000001,4.040100000000002,22,23,2,2,3,4,81.92,3,"4-chloro-N'-[(1E)-(3,5-dibromo-2,4-dihydroxyphenyl)methylidene]benzohydrazide",DB06950
474.5650000000003,2.6049000000000007,35,39,5,3,2,8,107.53,6,Vepafestinib,DB18779
911.3299999999997,-3.2933799999999964,57,61,5,3,4,29,488.44999999999993,17,P1-(5'-Adenosyl)P5-(5'-(3'azido-3'-Deoxythymidyl))Pentaphosphate,DB03845
246.35799999999998,1.6479999999999997,18,20,3,1,1,4,55.040000000000006,2,Quinelorane,DB21425
392.43600000000015,2.928000000000001,28,31,4,4,0,7,69.78,5,"BENZYL 6-BENZYL-5,7-DIOXO-6,7-DIHYDRO-5H-[1,3]THIAZOLO[3,2-C]PYRIMIDINE-2-CARBOXYLATE",DB08561
135.126,0.2512,10,11,2,2,2,2,61.54,0,9-Deazahypoxanthine,DB04095
447.01000000000005,2.0107,16,16,1,1,0,4,48.3,4,Propyliodone,DB09366
302.399,3.351700000000002,21,23,3,2,2,4,62.220000000000006,3,2-(4-CARCOXY-5-ISOPROPYLTHIAZOLYL)BENZOPIPERIDINE,DB08192
733.1529999999996,13.428099999999974,50,49,0,0,2,4,85.22000000000001,36,"1,2-Di-1-(3,7,11,15-Tetramethyl-Hexadecane)-Sn-Glycero-3-Phosphate",DB03402
232.23900000000003,0.9111999999999999,17,18,2,2,3,2,82.19,4,N-[1H-INDOL-3-YL-ACETYL]GLYCINE ACID,DB07952
458.65000000000015,6.491220000000006,34,37,4,3,2,4,58.95,7,TAK-075 Free base,DB18268
835.168,-1.1099000000000003,35,35,1,1,7,9,191.09999999999997,12,Iobitridol,DB12407
437.4750000000001,4.242980000000003,31,34,4,4,1,7,87.61999999999999,6,Ravuconazole,DB06440
356.32400000000007,-4.743099999999992,24,25,2,0,7,11,178.52999999999997,5,Methyl-O3-(Alpha-D-Mannose)-Alpha-D-Mannose,DB02357
1076.464,7.735900000000011,76,76,1,0,2,16,200.14,23,Aplyronine A,DB04629
467.1570000000001,-1.8987000000000007,28,29,2,1,7,10,246.93999999999994,8,"2'-Deoxyuridine 5'-alpha,beta-imido-triphosphate",DB01965
51.996,-0.0025,1,0,0,0,0,0,0.0,0,Chromic cation,DB14525
127.14299999999997,0.19259999999999988,9,9,1,0,2,2,49.33,1,4-Methyl-Pyrroline-5-Carboxylic Acid,DB03930
113.11999999999999,-1.0172299999999999,8,8,1,0,2,2,56.190000000000005,0,Creatinine,DB11846
576.7710000000005,3.5381000000000022,41,47,7,0,4,8,117.84000000000002,3,Disogluside,DB20336
291.267,-1.50332,21,23,3,2,4,9,150.44,2,Toyocamycin,DB13916
362.8320000000001,4.646300000000004,25,27,3,2,1,3,41.57,4,Velufenacin,DB21473
102.906087,-0.0025,1,0,0,0,0,0,0.0,0,Palladium Pd-103,DB15016
228.247,2.9738000000000016,17,18,2,2,3,3,60.69,2,Resveratrol,DB02709
1486.5689800999999,-7.851800000000024,100,104,6,4,14,25,488.8799999999999,26,Edotreotide gallium Ga-68,DB15494
305.16400000000004,0.2882000000000006,16,16,1,1,2,4,120.32,2,Diclofenamide,DB01144
378.3360000000001,2.406100000000001,28,31,4,2,2,7,117.97000000000003,1,Nogalaviketone,DB04064
914.951,-1.928300000000002,64,64,2,1,7,13,347.7999999999999,18,VL-2397,DB17796
180.20999999999995,2.7830000000000004,14,16,3,3,0,2,25.78,0,"1,10-Phenanthroline",DB02365
321.326,-4.212899999999995,22,23,2,0,8,9,162.87,3,"4,6-Dideoxy-4-{[4,5,6-trihydroxy-3-(hydroxymethyl)-2-cyclohexen-1-yl]amino}hexopyranose",DB03269
187.20200000000003,1.0191000000000001,14,15,2,2,2,3,71.77000000000001,1,Amrinone,DB01427
317.392,4.486940000000003,24,27,4,3,2,2,53.169999999999995,3,Obatoclax,DB12191
672.2760000000003,8.176220000000006,46,52,7,6,1,9,87.1,1,AZD-5991,DB14792
150.22499999999997,1.0809,11,11,1,1,2,2,38.05,3,Pheniprazine,DB09250
209.28900000000002,1.0805,15,15,1,1,3,3,52.489999999999995,5,Fepradinol,DB15902
914.1869999999999,6.180600000000007,65,68,4,0,3,13,195.42999999999995,6,Sirolimus,DB00877
620.6850000000003,2.4716999999999993,42,45,4,4,3,11,188.61999999999998,14,VM4-037,DB15319
472.5070000000002,4.953700000000005,34,38,5,2,2,3,69.64,6,CR6086,DB16111
235.30800000000002,2.620000000000001,16,17,2,1,1,3,38.33,2,Carboxin,DB04657
473.4460000000002,-0.7310999999999979,34,36,3,2,7,9,219.83999999999995,10,(6R)-Folinic acid,DB03256
584.0480000000003,3.729700000000002,41,45,5,3,3,8,125.91000000000001,9,ASTX-029,DB18900
799.6080000000004,-1.0170999999999988,49,51,3,2,10,19,346.55999999999995,19,Coenzyme A persulfide,DB04036
476.62000000000023,2.3917200000000003,32,34,3,2,1,6,92.78,8,"(3R)-4-(p-toluenesulfonyl)-1,4-thiazane-3-carboxylicacid-L-phenylalanine ethyl ester",DB01712
177.251,1.23207,13,13,1,1,3,2,61.900000000000006,3,N-[3-(aminomethyl)benzyl]acetamidine,DB02044
327.2730000000001,1.7074199999999997,22,24,3,2,3,5,101.15,4,1-(2-DEOXY-5-O-PHOSPHONO-BETA-D-ERYTHRO-PENTOFURANOSYL)-4-METHYL-1H-INDOLE,DB07116
297.398,2.9258000000000015,22,25,4,0,1,3,60.160000000000004,0,Minamestane,DB20820
187.28599999999994,2.1826,14,14,1,1,0,1,3.24,4,Selegiline,DB01037
455.59900000000016,4.866370000000003,33,34,2,2,2,5,97.86999999999999,13,Moxilubant,DB19718
167.164,0.4766,12,12,1,1,3,3,83.55,2,4-Hydroxyphenylglycine,DB02601
313.309,2.789500000000001,23,24,2,2,1,5,81.69999999999999,4,Benorilate,DB13657
339.52000000000015,3.7615000000000025,24,25,2,0,1,4,49.769999999999996,7,Rociverine,DB13581
203.249,1.3263,15,16,2,0,1,5,69.62,2,3-(3-Methyl-2-buten-1-yl)-3H-purin-6-amine,DB08074
457.59500000000037,3.332600000000001,28,27,0,0,0,8,71.06,16,"1,2-Di-N-Pentanoyl-Sn-Glycero-3-Dithiophosphocholine",DB02225
4004.6659999999874,-15.952290000000284,282,284,3,3,62,56,1775.8999999999985,145,Semparatide,DB20016
165.214,-0.8762000000000001,10,9,0,0,3,4,83.55000000000001,5,Hydroxyethylcysteine,DB02413
457.48300000000023,0.18660000000000165,33,36,4,1,5,9,164.63,3,Minocycline,DB01017
475.01400000000024,3.096300000000002,32,35,4,2,0,5,73.82000000000001,6,4-[[(1E)-2-(4-CHLOROPHENYL)ETHENYL]SULFONYL]-1-[[1-(4-PYRIDINYL)-4-PIPERIDINYL]METHYL]PIPERAZINONE,DB08745
556.6230000000004,3.613500000000003,41,44,4,3,3,8,142.09,9,Ceclazepide,DB17270
477.17300000000006,-7.627799999999992,29,27,1,0,11,15,281.11999999999995,9,Gleptoferron,DB11417
406.07700000000017,-5.2126999999999954,25,24,2,0,6,12,220.1,4,Ferrous ascorbate,DB14490
432.98300000000006,1.5557999999999998,15,15,1,1,3,3,83.55000000000001,3,"3,5-Diiodotyrosine",DB03374
472.75400000000036,9.059960000000004,34,35,2,1,0,3,35.53,13,D-alpha-Tocopherol acetate,DB14002
291.35,4.3869200000000035,22,24,3,3,0,3,39.19,3,Neocinchophen,DB19993
304.437,4.017500000000004,23,27,6,2,0,2,6.48,1,Quinupramine,DB13246
174.15499999999997,1.5075,13,14,2,1,1,3,54.37,0,Lawsone,DB04744
488.48800000000017,1.6636000000000006,33,34,2,2,3,6,126.37,9,"3-[[(METHYLAMINO)SULFONYL]AMINO]-2-OXO-6-PHENYL-N-[3,3,3-TRIFLUORO-1-(1-METHYLETHYL)-2-OXOPHENYL]-1(2H)-PYRIDINE ACETAMIDE",DB08614
394.357,2.6381000000000006,28,30,3,2,3,5,113.24000000000001,3,Imanixil,DB20315
367.86000000000007,-1.4967,23,20,4,4,0,4,170.96000000000004,0,Tetra(Imidazole)Diaquacopper (Ii),DB03840
214.28599999999997,2.2308,14,14,1,1,1,2,54.37,1,4-TERT-BUTYLBENZENESULFONIC ACID,DB07440
414.54500000000013,6.957800000000008,31,33,3,3,0,3,43.370000000000005,10,2-Ethylhexyl 4-phenylbenzophenone-2'-carboxylate,DB14471
159.229,1.8522999999999998,11,10,0,0,2,2,49.33,6,Caprylhydroxamic acid,DB16634
149.215,0.1513999999999998,9,8,0,0,2,3,63.32,4,Methionine,DB00134
837.009,3.840500000000004,59,66,8,2,3,12,204.32999999999998,8,MK-2748,DB15371
513.6770000000002,5.950920000000006,37,41,5,2,1,5,63.050000000000004,8,Maraviroc,DB04835
1562.7890000000002,-5.020799999999998,111,114,4,3,19,22,609.92,26,Lotilibcin,DB21386
218.21799999999996,-4.146599999999998,13,10,0,0,2,6,120.72,2,Calcium lactate,DB13231
635.8389999999998,3.843300000000003,45,50,6,3,4,11,126.98999999999998,10,Conteltinib,DB21262
627.9770000000004,5.553200000000004,43,46,4,0,5,7,133.91,16,Squalamine,DB06461
155.10899999999998,1.006,11,11,1,1,2,4,83.6,1,4-Nitrocatechol,DB03407
129.109,1.5470000000000002,9,9,1,1,1,1,26.02,0,"3,5-Difluoroaniline",DB03238
330.74600000000004,3.9589000000000025,23,25,3,3,1,3,55.12,4,Pirazolac,DB20690
267.23699999999997,0.7442,19,19,1,1,2,6,115.92000000000002,4,METHYL(2-ACETOXY-2-(2-CARBOXY-4-AMINO-PHENYL))ACETATE,DB07957
342.297,-5.397199999999993,23,24,2,0,8,11,189.52999999999997,4,Lactose,DB04465
301.188,-2.960599999999998,19,19,1,0,6,7,165.78,4,N-acetyl-D-glucosamine-6-phosphate,DB03951
464.5680000000002,3.9118200000000014,32,35,4,4,3,4,99.25999999999999,6,S-3304,DB12149
460.60000000000014,4.102120000000003,31,34,4,3,1,6,65.54,7,Zandatrigine,DB19051
326.44000000000005,1.554499999999999,24,29,7,1,2,4,46.940000000000005,1,Ajmaline,DB01426
335.36700000000013,3.1575000000000015,25,29,5,4,0,7,78.22,3,Panadiplon,DB21275
290.27600000000007,-1.9892999999999965,20,19,0,0,6,5,188.32999999999996,9,Argininosuccinate,DB02267
555.7160000000002,3.840100000000003,40,42,3,1,2,8,112.42999999999999,5,H3B-8800,DB14017
555.7150000000003,3.0618000000000016,37,39,3,2,0,9,108.43999999999998,12,Tiapamil,DB19542
342.47900000000004,5.145720000000006,25,29,5,1,1,3,38.69,0,Siccanin,DB20898
423.5430000000001,0.12260000000000237,29,31,3,2,5,11,171.34999999999997,10,"S-Adenosyl-1,8-Diamino-3-Thiooctane",DB02844
587.1280000000002,5.272800000000004,42,46,5,4,4,7,127.92999999999999,9,Mevociclib,DB21454
206.28499999999997,3.073200000000001,15,15,1,1,1,1,37.3,4,Ibuprofen,DB01050
1226.4120000000003,3.7394000000000123,88,94,7,4,13,17,383.87000000000006,18,Rezafungin,DB16310
440.1890000000002,4.7749000000000015,29,32,4,4,1,5,91.3,4,Revamilast,DB11838
350.4000000000001,-1.8949999999999971,24,27,4,1,1,7,102.36999999999999,4,Biapenem,DB13028
345.439,2.58422,25,26,2,2,2,5,59.95,10,Bevantolol,DB01295
752.863,11.354999999999988,57,64,8,8,0,7,76.36000000000001,16,Benzquercin,DB19923
329.3930000000002,2.6830000000000007,23,23,1,0,2,5,101.93,7,Gabapentin enacarbil,DB08872
1011.9089801,-2.830399999999999,68,68,2,2,9,16,378.56,35,Gallium Ga-68 gozetotide,DB16019
500.47700000000015,5.323100000000004,36,39,4,4,1,7,99.37,7,Zeteletinib,DB21491
427.2840000000001,4.555900000000004,28,29,2,2,0,5,81.91,10,Etofamide,DB13258
162.20899999999997,-0.4718000000000007,11,10,0,0,2,2,57.53,4,(3-Carboxy-2-(R)-Hydroxy-Propyl)-Trimethyl-Ammonium,DB02648
293.37,3.1976200000000015,22,25,4,3,1,3,50.68,2,Galdansetron,DB20744
285.34700000000004,2.3449,21,24,4,2,1,4,58.220000000000006,2,"(3-ENDO)-8-METHYL-8-AZABICYCLO[3.2.1]OCT-3-YL 1H-PYRROLO[2,3-B]PYRIDINE-3-CARBOXYLATE",DB07243
291.41600000000005,2.527,20,22,3,2,1,4,32.7,7,Edonerpic,DB05938
744.9639999999993,6.262800000000006,50,48,0,0,2,10,151.65,38,"Sodium 1,2-Dipalmitoyl-sn-glycero-3-phospho-(1'-rac-glycerol)",DB14105
421.5670000000003,2.2265999999999986,29,31,3,2,1,8,89.35,10,Sufotidine,DB20004
266.318,1.6515000000000002,18,18,1,1,0,4,68.28,4,Orazipone,DB20087
460.9830000000001,4.267320000000003,31,33,3,2,2,6,82.36,8,Ponesimod,DB12016
400.3900000000001,3.525400000000002,30,34,5,4,3,5,108.63,4,"3-(9-HYDROXY-1,3-DIOXO-4-PHENYL-2,3-DIHYDROPYRROLO[3,4-C]CARBAZOL-6(1H)-YL)PROPANOIC ACID",DB07265
172.781,-2.0518,4,3,0,0,3,3,60.69,0,Antimonous acid,DB02453
560.3345890000002,1.6533999999999995,32,32,1,1,7,5,194.15999999999997,13,MIP-1095 I-123,DB12994
263.684,2.08732,18,20,3,3,1,5,60.050000000000004,0,"6-CHLORO-9-HYDROXY-1,3-DIMETHYL-1,9-DIHYDRO-4H-PYRAZOLO[3,4-B]QUINOLIN-4-ONE",DB07218
1060.1500000000003,-1.3490000000000013,74,75,2,2,15,14,428.24999999999994,36,EC-0652,DB15340
467.31100000000015,0.7596999999999996,30,32,3,3,4,8,158.06999999999996,7,4-(dihydroxyboranyl)-2-({[4-(phenylsulfonyl)thiophen-2-yl]sulfonyl}amino)benzoic acid,DB07541
353.40400000000005,1.2127,24,25,2,2,3,8,156.44,5,Gefapixant,DB15097
188.20299999999997,-1.3486999999999991,13,12,0,0,1,5,92.45000000000002,4,Valactate,DB20086
423.79700000000014,3.407300000000002,28,31,4,3,1,9,114.38000000000002,6,Pradefovir,DB15550
723.6500000000005,2.4622,51,55,5,2,5,13,215.21999999999994,10,Valrubicin,DB00385
267.328,2.6477000000000013,20,23,4,2,3,3,52.49,0,Dihydrexidine,DB12890
397.40200000000016,1.7738599999999995,30,33,4,4,2,10,150.71,4,LAS-191954,DB17816
374.47700000000015,1.8035999999999996,27,30,4,0,3,5,94.83000000000001,2,Methylprednisolone,DB00959
523.2500000000002,-1.5126000000000002,31,33,3,2,7,14,262.06,8,Adenosine-5'-Rp-Alpha-Thio-Triphosphate,DB02355
826.9879999999998,4.0035000000000025,60,68,9,3,3,12,173.92,7,Vinblastine N-oxide,DB17390
944.0519999999993,4.073040000000004,68,74,7,2,5,18,266.51,6,Rifasutenizol,DB18981
413.6460000000002,5.286900000000005,30,35,6,0,2,3,41.489999999999995,0,Solasodine,DB18813
554.6760000000002,5.228620000000006,40,44,5,5,1,9,115.65,10,Milfasartan,DB20355
257.254938,3.3812000000000006,19,21,3,3,2,4,58.29,2,Flutafuranol F-18,DB18825
804.0310000000001,4.639000000000005,57,60,4,0,3,12,178.35999999999996,7,Tacrolimus,DB00864
71.123,0.36979999999999996,5,5,1,0,1,1,12.03,0,Pyrrolidine,DB16858
388.0950000000001,-1.5677,22,22,1,0,7,8,220.50999999999996,7,Carboxylic PRPP,DB03942
319.2700000000001,-8.071200000000001,22,25,5,0,8,10,194.68999999999997,1,Tetrodotoxin,DB05232
264.23400000000004,-4.222099999999995,18,18,1,0,6,7,162.34,3,1-Deoxy-1-acetylamino-beta-D-gluco-2-heptulopyranosonamide,DB04544
280.32700000000006,3.3996400000000015,21,23,3,3,1,3,55.12,3,Xinidamine,DB20331
547.7880000000001,6.995500000000004,35,38,4,3,1,3,62.54,5,Cedirogant,DB18951
678.4910000000002,2.7925000000000004,32,32,1,0,0,10,114.43,10,Auranofin,DB00995
294.351,1.1941999999999997,21,22,2,1,2,5,68.82000000000001,5,Troxipide,DB13419
412.4930000000001,3.6415000000000015,31,35,5,4,2,4,70.13,6,Bisindolylmaleimide I,DB03777
570.6790000000003,6.549900000000008,41,43,3,3,3,9,116.07000000000002,15,AGS-499,DB18058
307.478,3.204300000000001,22,22,1,1,3,3,66.48,12,Fingolimod,DB08868
164.157,-2.5398,11,11,1,0,4,5,90.15,2,Sorbitan,DB14474
338.03799999999995,4.652200000000001,20,19,0,0,0,0,0.0,3,Perflexane,DB09531
910.7269999999995,-2.51009999999999,58,60,3,2,9,21,386.6899999999999,23,(R)-carnitinyl-CoA betaine,DB02516
364.74100000000004,2.6416000000000004,25,26,2,2,2,5,118.77000000000001,7,(5-CHLORO-2-{[(3-NITROBENZYL)AMINO]CARBONYL}PHENOXY)ACETIC ACID,DB07030
311.38900000000007,2.5449200000000003,23,26,4,3,2,6,67.91,4,Noberastine,DB20429
263.29299999999995,0.7446999999999995,19,20,2,1,0,5,55.84,5,Mobecarb,DB19902
609.7430000000003,6.701000000000009,45,51,8,4,2,7,80.62,2,Tubocurarine,DB01199
176.12399999999997,-1.4074,12,12,1,0,4,6,107.22000000000001,2,Ascorbic acid,DB00126
95.21100000000001,-6.3728,3,0,0,0,0,0,0.0,0,Magnesium chloride,DB09407
204.229,1.2500000000000002,15,16,2,1,1,3,50.69,2,Fenozolone,DB13341
412.4970000000001,3.6290000000000013,31,35,5,4,2,5,77.14999999999999,4,"N-{5-[4-(4-METHYLPIPERAZIN-1-YL)PHENYL]-1H-PYRROLO[2,3-B]PYRIDIN-3-YL}NICOTINAMIDE",DB06876
231.26099999999997,3.2459000000000024,16,16,1,1,1,1,12.03,4,Dexfenfluramine,DB01191
520.6330000000002,5.579140000000006,39,45,7,4,0,6,71.7,3,SB 224289,DB17052
265.30899999999997,1.2571999999999999,19,20,2,0,2,4,75.63,4,"(1R,4S,7AS)-1-(1-FORMYLPROP-1-EN-1-YL)-4-METHOXY-2,4,5,6,7,7A-HEXAHYDRO-1H-ISOINDOLE-3-CARBOXYLIC ACID",DB08110
223.22799999999992,1.5204,16,16,1,1,1,4,68.12,6,3-({[(1Z)-(2-methoxyphenyl)methylidene]amino}oxy)propanoic acid,DB07282
176.168,-2.637700000000001,12,12,1,0,5,5,101.15,1,5-Hydroxymethyl-Chonduritol,DB03092
248.71300000000002,2.7265000000000006,17,19,3,2,2,1,58.88,1,Selisistat,DB13978
342.13000000000005,-3.351400000000001,20,19,0,0,8,8,214.43999999999997,9,"1,6-Di-O-Phosphono-D-Allitol",DB02760
137.182,1.6580199999999998,10,10,1,1,1,2,33.120000000000005,1,Emoxypine,DB19172
375.82300000000004,4.005080000000001,27,30,4,4,2,7,90.93,5,"2-(4-CHLOROBENZYLAMINO)-4-(PHENYLAMINO)PYRAZOLO[1,5-A][1,3,5]TRIAZINE-8-CARBONITRILE",DB08354
1029.2779999999996,9.029000000000003,74,79,6,4,0,14,144.9,28,Mivacurium,DB01226
182.17499999999998,0.5412999999999999,13,13,1,1,2,4,66.76,3,Glycol salicylate,DB11323
599.6370000000001,1.7742000000000022,43,44,2,2,6,7,208.42999999999998,19,N-(3-Carboxypropanoyl)-L-phenylalanyl-3-carboxy-O-(carboxymethyl)-N-pentyl-L-tyrosinamide,DB04525
265.288,0.6346,19,20,2,1,1,3,52.650000000000006,2,FK-960,DB06465
201.20000000000002,2.4516999999999998,15,16,2,2,0,2,29.96,2,(4-fluorophenyl)(pyridin-4-yl)methanone,DB06917
696.9580000000001,8.741700000000003,50,54,5,4,1,7,85.69,17,Cenicriviroc,DB11758
149.237,1.9680000000000002,11,11,1,1,1,1,26.02,4,4-Phenylbutylamine,DB04311
967.782,-0.021699999999995445,63,67,5,4,11,19,391.45,24,CoA-s-acetyl tryptamine,DB02931
200.16899999999998,-0.015300000000000036,14,15,2,1,1,4,64.09,1,Tegafur,DB09256
330.40900000000005,3.963740000000003,23,25,3,3,0,6,65.22,4,Atibeprone,DB21083
121.183,1.386,9,9,1,0,1,1,26.02,0,2-Chloro-6-Methyl-Aniline,DB03842
326.324,1.5422,22,23,2,2,2,3,89.26,4,"N-(2,6-Diflouro-Benzyl)-4-Sulfamoyl-Benzamide",DB03844
264.3179999999999,-0.6168000000000005,18,18,1,0,4,6,99.38000000000001,7,"2-Hexyloxy-6-Hydroxymethyl-Tetrahydro-Pyran-3,4,5-Triol",DB04141
181.19499999999996,-0.9396999999999998,13,13,1,0,2,3,89.42000000000002,3,Caricotamide,DB18950
159.60899999999998,-1.3405,6,4,0,0,0,4,80.25999999999999,0,Cupric sulfate,DB06778
255.273,2.1269,19,20,2,2,2,3,80.39,4,Amfenac,DB15911
267.082,2.2503,15,16,2,2,1,4,69.12,2,"(2-AMINO-1,3-OXAZOL-5-YL)-(3-BROMOPHENYL)METHANONE",DB08314
318.41300000000007,4.041900000000004,23,23,1,0,0,4,52.6,7,Ubiquinone Q2,DB08690
189.21099999999998,0.7249999999999999,13,12,0,0,2,3,77.84,7,(2r)-2-{[Formyl(Hydroxy)Amino]Methyl}Hexanoic Acid,DB02625
526.404,3.5287000000000015,29,32,4,3,2,9,100.11,6,Icapamespib,DB18106
326.42200000000014,-0.0932999999999986,22,23,2,1,1,5,86.94999999999999,3,Delfantrine,DB20171
488.0280000000002,4.491360000000003,34,37,4,2,2,5,83.66,5,Valemetostat,DB18314
152.237,2.401700000000001,11,12,2,0,0,1,17.07,0,Synthetic camphor,DB14156
575.428,4.893300000000003,37,39,3,3,1,11,123.61,12,Alamifovir,DB06368
685.5899999999999,3.598180000000002,46,50,5,3,4,8,181.59,11,MK-0668,DB15791
574.3210000000001,1.9053999999999984,35,37,3,2,3,10,158.17999999999998,10,Thymectacin,DB05116
421.5590000000002,3.859600000000003,29,31,3,0,2,6,84.86000000000001,1,Latrunculin A,DB02621
402.28200000000027,2.4082,22,17,0,0,4,4,48.12,14,CGC-11047,DB05722
229.63099999999997,-1.0823299999999998,15,15,1,1,5,6,156.79,1,Amiloride,DB00594
507.2670000000001,-1.9188999999999996,31,33,3,2,6,14,275.96999999999997,8,3'-phospho-5'-adenylyl sulfate,DB02902
337.91999999999996,4.154800000000003,22,24,3,1,0,4,18.84,3,Dazolicine,DB20377
284.34400000000005,2.35992,20,22,3,3,2,5,84.66,2,Nolatrexed,DB12912
349.35200000000003,5.572000000000003,25,26,2,2,1,3,38.33,5,Prefenamate,DB20700
248.2,-6.450999999999997,15,13,0,0,4,8,161.18,5,Calcium saccharate,DB13962
658.8910000000001,9.583999999999998,49,54,6,6,2,8,101.88,8,Bisoctrizole,DB11262
420.48800000000017,5.170000000000004,31,34,4,3,2,5,76.14,6,"N-{2'-[(4-FLUOROPHENYL)AMINO]-4,4'-BIPYRIDIN-2-YL}-4-METHOXYCYCLOHEXANECARBOXAMIDE",DB08025
242.322,3.4110200000000015,18,19,2,2,2,2,58.879999999999995,3,Isoprazone,DB20902
437.4510000000001,2.625000000000001,29,31,3,3,2,7,140.08999999999997,7,Picosulfuric acid,DB09268
476.5480000000002,4.593400000000003,35,37,3,3,3,3,95.5,10,AGG-523,DB15460
269.253,0.2775999999999999,19,19,1,1,3,5,120.9,7,"(2R)-4,4-dihydroxy-5-nitro-2-(phenylmethyl)pentanoic acid",DB07484
403.5300000000001,3.9426200000000025,30,33,4,3,2,5,76.18,5,CXD101,DB16182
287.41100000000006,2.9246000000000008,21,23,3,2,2,5,68.24,5,Istisociclib,DB21703
256.49799999999993,5.393700000000005,18,17,0,0,0,0,0.0,13,Trimethyltetradecylammonium,DB17342
353.49500000000006,3.368000000000001,25,27,3,2,1,4,53.41,4,Di-2-pyridylketone 4-cyclohexyl-4-methyl-3-thiosemicarbazone,DB15235
555.5340000000003,7.681900000000006,39,43,5,2,0,3,29.54,5,Serlopitant,DB12973
1779.1830000000004,1.0512099999999887,129,138,10,8,25,17,646.5099999999999,49,Omiganan,DB06610
358.4020000000001,2.46112,25,28,4,3,0,7,76.80000000000001,2,Fezolinetant,DB15669
254.26299999999998,1.1022,17,18,2,1,1,4,88.50999999999999,1,Menadione bisulfite,DB15944
712.2162842000001,-3.515199999999992,33,32,1,0,6,10,248.73999999999998,8,DOTMP HO-166,DB05380
254.28500000000003,3.4011000000000022,19,20,2,2,1,2,54.37,5,Fenbufen,DB08981
405.40100000000024,1.5313,29,32,4,1,0,4,78.0,4,"2-{3-[(2S)-4,4-difluoro-2-(pyrrolidin-1-ylcarbonyl)pyrrolidin-1-yl]-3-oxopropyl}-isoindole-1,3(2H)-dione",DB08739
100.086,-2.8278000000000003,5,3,0,0,0,3,63.19,0,Calcium carbonate,DB06724
557.6010000000002,3.7729000000000017,41,47,7,3,3,5,103.43,4,MK-3207,DB12424
211.261,1.1291999999999998,15,15,1,1,4,4,72.72,4,Isoprenaline,DB01064
399.5190000000001,5.995220000000005,29,32,4,4,1,4,54.88,5,TAK-715,DB16108
285.34299999999996,1.6302999999999999,21,25,5,1,1,4,49.77,0,Hydromorphone,DB00327
406.4460000000002,4.174320000000002,30,33,4,4,3,8,106.21000000000001,7,"N~4~-(3-methyl-1H-indazol-6-yl)-N~2~-(3,4,5-trimethoxyphenyl)pyrimidine-2,4-diamine",DB08519
627.3500000000004,11.551059999999989,44,46,3,2,0,4,44.760000000000005,16,Tocofibrate,DB19752
765.0380000000001,6.434000000000006,54,58,5,0,4,10,161.21,12,Narasin,DB11432
568.5420000000004,4.705220000000004,42,47,6,6,1,11,155.58999999999997,9,Azilsartan medoxomil,DB08822
185.267,1.4722,13,13,1,0,2,2,63.32,3,Atagabalin,DB12032
445.52300000000014,3.1317000000000004,33,36,4,4,3,6,115.16999999999999,10,1-((1R)-1-(HYDROXYMETHYL)-3-{6-[(3-PHENYLPROPANOYL)AMINO]-1H-INDOL-1-YL}PROPYL)-1H-IMIDAZOLE-4-CARBOXAMIDE,DB07783
448.52600000000024,4.157400000000003,34,39,6,4,1,4,66.7,3,Tarazepide,DB06435
492.6240000000004,3.870000000000002,36,39,4,3,2,6,93.94,9,Alteminostat,DB19620
263.2,-1.2886000000000004,18,19,2,1,3,7,110.60000000000001,2,Gemcitabine,DB00441
316.397,3.303320000000003,23,25,3,1,2,4,74.60000000000001,3,"3,4-dihydroxy-9,10-secoandrosta-1(10),2,4-triene-9,17-dione",DB08542
333.315,1.2990999999999995,25,28,4,4,3,7,138.02,4,Andolast,DB20089
371.43700000000024,1.1950999999999998,27,30,4,1,0,5,62.320000000000014,4,Cinoxopazide,DB19851
853.6310000000003,-1.1411999999999973,54,56,3,2,10,19,383.86,22,2-carboxypropyl-coenzyme A,DB03117
247.21599999999995,1.7458000000000002,17,17,1,1,2,2,63.32,4,"4-(2,2,2-TRIFLUOROETHYL)-L-PHENYLALANINE",DB08617
589.5749999999999,3.232400000000002,41,46,6,4,0,9,115.86999999999999,5,Exicorilant,DB16162
982.8090000000008,-6.778800000000003,55,56,2,0,8,27,536.4900000000001,21,Sucrosofate,DB01901
330.5560000000001,7.501300000000007,24,23,0,0,0,1,17.07,12,Teprenone,DB15955
81.9182086,-2.996,1,0,0,0,0,0,0.0,0,Rubidium Rb-82,DB09479
1243.5009999999988,9.246900000000004,87,92,8,6,0,18,240.8399999999999,26,Atracurium besylate,DB00732
297.38300000000004,3.5258800000000017,21,23,3,2,1,4,49.980000000000004,1,Tanaproget,DB04787
386.5290000000001,2.1803,27,27,1,0,3,6,104.06,1,6-Deoxyerythronolide B,DB04070
420.4880000000001,4.305820000000003,31,34,4,3,0,5,68.21000000000001,5,Filorexant,DB12158
750.4970000000002,-4.6477999999999895,49,51,3,1,10,18,361.25999999999993,15,Uridine-5'-Diphosphate-N-Acetylmuramoyl-L-Alanine,DB01673
394.5150000000001,3.6799000000000026,29,31,3,2,0,4,49.85000000000001,7,Carfentanil,DB01535
272.09,-1.1154000000000002,16,16,1,1,5,5,153.11,4,Zoledronic acid,DB00399
686.7920000000003,1.2124000000000035,48,51,4,0,3,14,181.2,8,Neutramycin,DB20809
337.5730000000001,5.559100000000006,23,23,1,1,2,3,32.26,12,Suloctidil,DB13340
120.15099999999995,1.7579,9,10,2,1,0,1,12.53,1,(R)-styrene oxide,DB04499
424.4750000000002,1.4827999999999992,29,31,3,1,2,7,126.15,7,Furbucillin,DB19561
288.39099999999996,4.208120000000004,20,23,4,3,1,2,19.03,1,Tiflucarbine,DB20930
338.26500000000004,-4.148899999999994,23,24,2,0,7,11,186.36999999999998,5,Ascorbyl glucoside,DB11335
391.4670000000002,3.7150000000000025,29,33,5,2,0,5,48.0,3,Benzgalantamine,DB19353
176.171,1.8070199999999996,13,14,2,2,1,3,50.44,0,Hymecromone,DB07118
321.454,1.4211899999999995,22,23,2,2,5,4,105.27000000000001,9,Impromidine,DB20379
345.40599999999995,4.145820000000002,26,29,4,4,2,4,73.91,3,Acodazole,DB20341
306.49,6.440700000000006,22,21,0,0,1,1,37.3,15,Daleuton,DB00154
330.4530000000001,3.1686000000000014,23,25,3,2,0,4,40.620000000000005,4,Oxomemazine,DB13820
336.2850000000001,2.586500000000001,23,24,2,2,1,8,140.88000000000002,6,Nifurzide,DB13325
448.5440000000002,5.525900000000005,32,35,4,4,0,7,62.58000000000001,8,Pamicogrel,DB19812
384.4360000000002,2.1241000000000003,28,30,3,3,0,8,80.28,6,Istradefylline,DB11757
177.03,2.4857000000000005,10,10,1,1,1,1,20.23,1,Dichlorobenzyl alcohol,DB13269
396.4540000000001,3.3164000000000016,30,34,5,4,2,6,98.72,3,Zipalertinib,DB18763
328.283,4.596200000000005,21,23,3,1,0,2,12.47,4,Tesofensine,DB06156
1086.479,2.168869999999987,77,77,1,1,14,12,380.95999999999987,45,PZ-128,DB11839
881.9919999999998,4.564600000000003,63,69,7,2,3,15,201.51,10,Tesetaxel,DB12019
81.118,1.3231199999999999,6,6,1,1,1,0,15.79,0,5-Methylpyrrole,DB01932
491.7350000000001,3.7298800000000005,33,35,3,3,1,7,113.66,4,Ulonivirine,DB18787
610.5210000000004,-1.6871000000000014,43,47,5,3,10,16,269.42999999999995,6,Rutin,DB01698
589.3440000000004,-3.600899999999999,38,41,4,2,9,17,311.49,8,GDP-L-fucose,DB18689
280.37100000000004,3.1064000000000016,21,23,3,3,0,3,25.240000000000002,4,Fantridone,DB21171
602.5890000000003,-0.9291999999999974,43,51,10,0,3,13,190.95,2,Picrotoxin,DB00466
74.084,0.33108,4,3,0,0,0,3,46.849999999999994,0,Hypothiocyanite ion,DB15309
372.4720000000001,4.0886400000000025,28,30,3,3,2,5,87.05,3,"5-[(3R)-3-(5-methoxy-4'-methylbiphenyl-3-yl)but-1-yn-1-yl]-6-methylpyrimidine-2,4-diamine",DB07141
638.5980000000002,2.4773000000000005,31,27,0,0,0,6,120.38999999999999,15,Valproate bismuth,DB13910
288.43500000000006,3.8965400000000026,21,22,2,1,1,2,32.34,5,Bupivacaine,DB00297
1642.6718975,2.48931,101,105,6,4,18,23,551.3800000000002,26,Dotamtate Pb-212,DB17312
639.8300000000004,5.728900000000008,46,50,5,0,2,9,116.04000000000002,3,Moxidectin,DB11431
774.1710000000002,3.8535000000000004,51,56,6,5,7,15,298.0299999999999,9,Cibacron Blue,DB02633
394.69000000000005,3.028400000000002,24,25,2,1,2,7,98.46,6,"6,6-DIMETHYL-1-[3-(2,4,5-TRICHLOROPHENOXY)PROPOXY]-1,6-DIHYDRO-1,3,5-TRIAZINE-2,4-DIAMINE",DB08734
324.115,-2.3058,19,19,1,0,6,7,183.20999999999998,6,"2,5-Anhydroglucitol-1,6-Biphosphate",DB02778
331.3790000000001,2.8957000000000015,25,28,4,4,2,6,75.34,5,"(5-phenyl-7-(pyridin-3-ylmethylamino)pyrazolo[1,5-a]pyrimidin-3-yl)methanol",DB06983
444.5420000000003,2.6930000000000005,30,33,4,3,2,7,107.52999999999999,5,"1-{3-[(4-pyridin-2-ylpiperazin-1-yl)sulfonyl]phenyl}-3-(1,3-thiazol-2-yl)urea",DB07817
265.353,1.9890999999999996,19,19,1,1,2,4,50.72,9,Oxprenolol,DB01580
305.2900000000001,1.7813800000000002,22,22,1,1,2,6,127.69999999999999,5,Entacapone,DB00494
785.1089999999998,5.190400000000006,55,57,3,2,2,9,133.41,21,Dolastatin 10,DB12730
428.42700000000013,3.4186000000000014,32,36,5,5,0,8,79.76,5,Balipodect,DB14774
806.956,2.608400000000005,58,63,6,4,8,8,194.92,15,Birinapant,DB11782
440.6140000000002,0.9584000000000026,30,30,1,1,5,8,152.22999999999996,14,4-METHYL-PENTANOIC ACID {1-[4-GUANIDINO-1-(THIAZOLE-2-CARBONYL)-BUTYLCARBAMOYL]-2-METHYL-PROPYL}-AMIDE,DB07299
309.45300000000003,4.292000000000004,23,24,2,2,0,2,20.310000000000002,7,Levomethadone,DB13515
383.2310000000001,4.879400000000003,25,26,2,2,3,3,87.66,5,"2-[4-({[(3,5-DICHLOROPHENYL)AMINO]CARBONYL}AMINO)PHENOXY]-2-METHYLPROPANOIC ACID",DB08077
164.09699999999998,0.3092999999999999,10,9,0,0,2,2,74.6,4,(3-Formyl-but-3-Enyl)-Phosphonic Acid,DB03211
419.51000000000005,3.2489700000000017,30,33,4,4,3,5,113.85999999999999,6,4-(5-BENZENESULFONYLAMINO-1-METHYL-1H-BENZOIMIDAZOL-2-YLMETHYL)-BENZAMIDINE,DB07508
387.4350000000001,4.119900000000004,29,31,3,3,1,4,74.67999999999999,9,"4-[3-(dibenzylamino)phenyl]-2,4-dioxobutanoic acid",DB08147
362.33500000000004,-3.9904999999999995,25,27,3,1,7,11,177.89,4,Imidazole-Derived Cellobiose,DB02017
286.239,2.2824,21,23,3,3,4,6,111.13000000000001,1,Luteolin,DB15584
210.285,0.0696000000000001,15,15,1,1,0,6,48.39000000000001,3,Altretamine,DB00488
1781.2370000000017,-3.6406599999999427,127,130,4,4,29,24,754.4799999999998,66,SER-100,DB16013
397.5270000000001,3.6024400000000028,29,31,3,3,3,8,100.78,8,Fadraciclib,DB15425
596.5780000000003,0.8261700000000007,42,45,4,4,9,9,282.87,10,PCI-27483,DB13000
383.53200000000004,4.4878000000000045,28,29,2,2,0,4,38.77,11,Denaverine,DB21006
416.63,3.6350000000000016,24,25,2,2,2,3,75.63,6,(2-{[(4-BROMO-2-FLUOROBENZYL)AMINO]CARBONYL}-5-CHLOROPHENOXY)ACETIC ACID,DB07028
310.17400000000004,-6.791600000000001,13,8,0,0,0,8,172.5,0,Calcium Phosphate,DB11348
270.381,2.6330999999999998,19,21,3,3,2,2,42.82,4,"2-[(1S)-1-BENZYL-2-SULFANYLETHYL]-1H-IMIDAZO[4,5-C]PYRIDIN-5-IUM",DB08575
145.24599999999998,1.2748000000000002,10,9,0,0,2,2,46.25,4,Heptaminol,DB13574
379.545,4.399600000000004,27,27,1,1,2,4,84.22,16,N-[12-(1H-imidazol-1-yl)dodecanoyl]-L-leucine,DB08086
340.1140000000001,-3.6006000000000005,20,20,1,0,8,8,214.43999999999997,4,"Inositol 1,3-Bisphosphate",DB02942
444.5070000000002,3.7544000000000013,32,34,3,2,3,5,113.18,11,[1-(4-Fluorobenzyl)Cyclobutyl]Methyl (1s)-1-[Oxo(1h-Pyrazol-5-Ylamino)Acetyl]Pentylcarbamate,DB01858
98.14199999999998,-4.2398,5,3,0,0,0,2,40.129999999999995,0,Potassium acetate,DB14498
371.4370000000002,2.2167000000000003,27,30,4,2,2,6,97.78999999999999,4,Nemonoxacin,DB06600
316.48500000000007,4.515300000000004,23,26,4,0,1,2,37.3,1,Pregnenolone,DB02789
228.20799999999997,-2.1388,16,17,2,1,3,8,123.49000000000001,2,Decitabine,DB01262
169.158,-1.7138999999999998,10,9,0,0,3,4,117.69,3,L-cysteic acid,DB03661
419.84400000000016,2.8774000000000015,29,32,4,3,0,8,74.53000000000002,7,Cligosiban,DB20573
467.93200000000013,5.097580000000004,33,35,3,3,2,6,90.28,8,Pelitinib,DB05524
182.271,0.12147000000000069,13,13,1,0,3,2,65.14,3,Guanacline,DB19748
286.508,1.7252000000000005,20,19,0,0,4,4,48.12,17,Diethylhomospermine,DB13011
73.139,0.7452000000000001,5,4,0,0,1,1,26.02,2,Butylamine,DB03659
379.865,3.5992000000000024,25,27,3,2,0,6,55.839999999999996,4,Vicagrel,DB16349
344.41800000000006,3.517190000000001,26,28,3,3,3,4,91.86000000000001,6,4-({[4-(3-METHYLBENZOYL)PYRIDIN-2-YL]AMINO}METHYL)BENZENECARBOXIMIDAMIDE,DB07809
325.4960000000001,5.341420000000006,24,25,2,2,1,2,23.47,7,Tolterodine,DB01036
181.073,1.934,8,7,0,0,1,1,20.23,5,6-Bromo-1-hexanol,DB04637
484.91500000000013,3.8899000000000026,34,37,4,3,2,5,92.67,5,Eribaxaban,DB06920
873.0870000000003,4.037900000000007,61,67,7,0,5,15,210.51999999999998,11,Semduramicin,DB11545
232.22999999999996,0.8792,16,16,1,0,1,2,63.4,4,Seletracetam,DB05885
421.3600000000001,2.4904,29,32,4,4,1,8,110.85999999999999,4,Caficrestat,DB15121
476.5220000000003,4.311900000000003,34,38,5,3,2,5,60.080000000000005,7,Camizestrant,DB19218
257.28899999999993,2.1916200000000003,19,20,2,2,1,3,59.300000000000004,4,Tolmetin,DB00500
330.259,2.6416000000000004,21,22,2,1,1,3,35.580000000000005,5,Acaprazine,DB20658
537.5420000000003,4.0864800000000026,39,43,5,3,2,4,109.30000000000001,5,Zevotrelvir,DB21638
527.6870000000001,3.5481000000000025,37,39,3,2,2,5,104.81,11,Morpholine-4-Carboxylic Acid (1-(3-Benzenesulfonyl-1-Phenethylallylcarbamoyl)-3-Methylbutyl)-Amide,DB03837
307.39700000000005,3.248840000000002,23,25,3,3,0,3,37.61,3,Zolpidem,DB00425
692.9789999999998,4.303800000000004,49,53,5,0,6,8,157.58,12,Coleneuramide,DB14932
1542.3899999999996,12.397719999999987,105,114,10,6,5,17,251.07,28,DT2216,DB18020
374.4840000000001,1.4754,24,25,2,1,2,6,95.94,4,"N-Hydroxy-4-[(4-Methoxylphenyl)Sulfonyl]-2,2-Dimethyl-Hexahydro-1,4-Thiazepine-3(S)-Carboxamide",DB02350
216.28399999999996,1.9445,16,18,3,1,1,3,33.620000000000005,4,Cirazoline,DB09202
222.627,3.2982000000000014,15,16,2,2,1,2,50.44,2,5-(2-Chlorophenyl)Furan-2-Carboxylic Acid,DB02909
882.6290000000001,-1.2783999999999967,56,58,3,2,9,21,406.77,23,S-4-Nitrobutyryl-CoA,DB03245
471.98800000000034,1.6812000000000007,30,33,4,2,1,6,96.02000000000001,5,6-CHLORO-N-{(3S)-1-[(1S)-1-METHYL-2-MORPHOLIN-4-YL-2-OXOETHYL]-2-OXOPYRROLIDIN-3-YL}-1-BENZOTHIOPHENE-2-SULFONAMIDE,DB07844
471.53400000000016,5.880600000000005,34,38,5,5,3,5,95.86000000000001,5,TTI-101,DB17578
102.04499999999999,-3.1237000000000004,7,6,0,0,0,4,80.25999999999999,2,Malonate Ion,DB02201
310.26800000000003,-7.479999999999995,19,16,0,0,6,10,201.64,6,Calcium threonate,DB11168
364.4270000000001,2.2591,25,27,3,1,3,5,113.37,7,Biotinyl P-Nitroaniline,DB03549
254.2899999999999,0.6380999999999997,18,19,2,1,1,6,84.42999999999999,5,Pimonidazole,DB12485
437.51700000000005,5.128320000000005,31,34,4,4,1,6,81.78999999999999,9,Aleglitazar,DB08915
522.5690000000002,-3.1565999999999956,35,38,4,2,4,13,205.10000000000002,9,Cefoselis,DB19513
425.48100000000017,4.295100000000004,31,33,3,3,0,7,70.37,10,Mecinarone,DB20213
266.257,-1.3750000000000007,19,21,3,2,4,8,126.65,2,3-Deazaadenosine,DB04546
464.57700000000034,3.929900000000003,34,39,6,1,2,4,74.6,2,Naflocort anhydrous,DB19649
761.928,4.478900000000003,56,63,8,4,3,12,150.08999999999997,9,Rocbrutinib,DB19445
338.4320000000001,3.4101000000000017,24,26,3,2,2,3,52.57000000000001,3,"[(4R)-4-(3-HYDROXYPHENYL)-1,6-DIMETHYL-2-THIOXO-1,2,3,4-TETRAHYDROPYRIMIDIN-5-YL](PHENYL)METHANONE",DB08198
404.44200000000006,4.350570000000003,28,30,3,3,2,6,87.96,6,Enitociclib,DB17297
233.379,2.753300000000001,17,18,2,1,0,1,3.24,3,Asm-024 cation,DB19385
333.3,-0.1395999999999995,24,25,2,1,4,6,153.51999999999998,6,CHROMOPHORE (ASP-TYR-GLY),DB04686
469.4100000000001,3.8030000000000017,33,35,3,2,3,3,87.30000000000001,5,RG-4733,DB11870
324.4240000000001,3.1732000000000014,24,27,5,2,1,4,45.59,4,Quinine,DB00468
241.3309999999999,2.658900000000001,17,17,1,0,1,3,55.4,3,Tert-Butyl(1s)-1-Cyclohexyl-2-Oxoethylcarbamate,DB04523
306.51199999999994,5.355500000000005,20,19,0,0,1,2,54.37,15,1-Hexadecanosulfonic Acid,DB02776
300.442,4.045300000000004,22,25,4,0,1,2,37.3,0,Metandienone,DB13586
406.54500000000013,-0.8569999999999969,27,28,2,0,5,8,122.49000000000002,7,Lincomycin,DB01627
371.4330000000001,2.9549000000000003,27,29,3,2,1,6,66.02,5,Demecolcine,DB13318
401.54100000000005,4.359100000000001,22,23,2,2,1,3,55.12,2,4-Bromo-3-(5'-Carboxy-4'-Chloro-2'-Fluorophenyl)-1-Methyl-5-Trifluoromethyl-Pyrazol,DB03272
486.55000000000024,-0.16259999999999886,34,36,3,2,4,6,164.53,9,ISOTHIAZOLIDINONE ANALOG,DB08003
519.6870000000002,1.7112000000000012,37,39,3,0,4,5,150.7,8,Boceprevir,DB08873
561.7220000000003,6.549800000000007,42,47,6,4,1,4,59.0,7,Dapitant,DB20991
165.19199999999995,0.641,12,12,1,1,2,2,63.32,3,Phenylalanine,DB00120
481.5170000000003,0.8308700000000004,35,37,3,3,6,8,181.06,10,Stallimycin,DB20261
384.1740000000001,-0.4750800000000001,24,25,2,1,4,8,177.38,6,"2',3'-Dehydro-2',3'-Deoxy-Thymidine 5'-Diphosphate",DB02569
120.368,-1.7187999999999999,6,4,0,0,0,4,80.25999999999999,0,Magnesium sulfate,DB00653
408.4350000000001,2.9944200000000007,29,31,3,3,3,5,116.59,4,Susalimod,DB20794
218.208,1.9520000000000002,16,16,1,1,2,3,74.6,4,"(2E,4E)-2-Hydroxy-6-oxo-6-phenyl-2,4-hexadienoic acid",DB07915
282.22099999999995,3.542200000000001,20,21,2,2,2,3,62.22,3,Niflumic acid,DB04552
418.3050000000001,-1.6671999999999982,28,27,3,3,0,9,159.06,3,Chromium picolinate,DB11255
320.172,1.2034,20,20,1,1,3,4,86.63,6,Cetophenicol,DB19554
324.1820000000001,-2.734899999999999,21,22,2,1,5,8,171.31,4,Arabinouridine 3'-phosphate,DB02805
177.294,1.2479,10,9,0,0,0,3,29.43,5,Sulforaphane,DB12422
211.73599999999993,2.836100000000001,14,14,1,1,1,1,12.03,6,Mefenorex,DB13852
236.31400000000002,4.345900000000003,18,19,2,2,0,1,17.07,3,Xenipentone,DB20739
405.4320000000001,-0.0118999999999983,28,30,3,1,3,7,139.03,6,Cephaloglycin,DB00689
814.7620000000004,-1.284799999999989,58,60,3,3,12,12,390.46000000000004,24,LY231514 tetra glu,DB02223
309.3690000000001,2.3013999999999992,23,25,3,3,2,4,81.13999999999999,6,FR230513,DB03572
402.49100000000027,2.294799999999999,29,31,3,1,3,4,106.94,8,Trandolaprilat,DB14209
640.4750000000003,4.436640000000003,47,53,7,4,1,5,94.31,6,Olaparib-bodipy FL,DB16263
206.244,3.256400000000002,16,18,3,3,0,1,17.07,2,Diphencyprone,DB12173
729.2160000000001,1.6160999999999992,37,36,4,0,5,9,206.23999999999995,6,cis-Diamminechlorocholylglycinateplatinum(II),DB08858
396.4950000000003,2.2785000000000006,29,32,4,3,2,7,92.63,7,Dinaciclib,DB12021
310.1909999999999,3.6709000000000023,18,20,3,2,1,3,34.4,2,Brofaromine,DB13876
421.52200000000005,4.264200000000004,30,34,5,4,1,7,71.09,5,Foliglurax,DB15292
300.74100000000004,4.220600000000003,21,22,2,2,1,2,54.37,5,Itanoxone,DB19625
522.5080000000003,-5.121699999999994,36,35,0,0,9,11,274.90999999999997,17,Temurtide,DB21305
519.5510000000003,4.766400000000005,36,38,3,0,3,4,78.79,7,Pefcalcitol,DB11786
299.7610000000001,2.950700000000001,21,23,3,2,1,3,50.459999999999994,1,Chlordiazepoxide,DB00475
175.19099999999997,0.8137200000000002,13,14,2,2,2,3,71.77,0,2-amino-8-methyl-4(1H)-quinazolinone,DB01825
259.151,-3.1379999999999995,16,16,1,0,6,7,162.70000000000002,3,Glucosamine 4-Phosphate,DB02865
295.379,1.5298999999999996,21,21,1,1,2,5,67.79,9,Esmolol,DB00187
276.2920000000001,1.2924,20,22,3,2,2,4,95.93,4,SCH-900271,DB12433
364.48500000000007,6.128600000000007,27,29,3,2,2,2,57.53,3,GSK232802,DB16110
611.7390000000005,6.478400000000007,45,48,4,3,1,8,111.00999999999999,12,Lercanidipine,DB00528
197.18999999999997,-0.031100000000000072,14,14,1,1,4,4,103.78,3,Forfenimex,DB20637
286.251,0.6382,5,8,4,0,0,0,0.0,0,mu4-sulfido-quadro-tetracopper,DB03151
460.4272035560001,4.378500000000003,35,39,5,3,0,5,68.21000000000001,4,Tebideutorexant,DB21562
536.6620000000004,1.4284999999999999,38,43,6,0,5,9,145.91000000000003,4,Actodigin,DB20418
99.133,0.23859999999999992,7,7,1,0,0,1,20.310000000000002,0,Methyl pyrrolidone,DB12521
867.1099999999994,-4.376400000000015,58,57,0,0,14,16,377.3399999999999,37,Glutathionylspermidine disulfide,DB02553
323.39200000000017,3.940700000000003,24,27,4,3,0,4,42.68,3,Mepixanox,DB13579
480.57200000000034,-1.2798999999999958,32,35,4,1,2,10,150.04000000000002,7,Cefepime,DB01413
317.775,2.900500000000001,19,20,2,2,2,4,83.47,4,3-[(4-CHLOROANILINO)SULFONYL]THIOPHENE-2-CARBOXYLIC ACID,DB08573
314.411,1.459,21,21,1,1,2,7,83.57999999999998,10,Ranitidine,DB00863
68.07900000000001,0.40969999999999995,5,5,1,1,1,1,28.68,0,Pyrazole,DB02757
336.37600000000003,3.020480000000001,24,26,3,3,2,4,109.53999999999999,3,E-7820,DB12505
392.51900000000023,3.769700000000003,29,33,5,2,1,3,46.53,4,Trospium,DB00209
186.21,2.7648,14,15,2,2,2,2,40.46,1,"3,4-Biphenyldiol",DB07478
410.42400000000015,3.2316400000000014,30,32,3,3,2,4,83.98,6,"PYRIMIDINE-4,6-DICARBOXYLIC ACID BIS-(4-FLUORO-3-METHYL-BENZYLAMIDE)",DB04760
78.96,-0.3808,1,0,0,0,0,0,0.0,0,Selenium,DB11135
427.5040000000003,4.531800000000004,32,35,4,3,1,4,85.52000000000001,6,Orelabrutinib,DB16272
344.2530000000001,2.1115,20,20,1,1,2,4,67.59,7,Bromopride,DB09018
210.13499999999996,-3.1958999999999986,11,9,0,0,2,6,112.88,4,Calcium glycerophosphate,DB11264
20.006,0.15250000000000002,1,0,0,0,0,0,0.0,0,Hydrogen fluoride,DB11072
418.4460000000002,2.9708000000000014,30,31,2,1,1,8,116.99999999999999,8,Nimodipine,DB00393
406.91800000000023,2.0544,28,30,3,2,2,7,98.29999999999998,8,DA-6886,DB12853
376.4600000000001,3.4235000000000024,28,31,4,3,0,5,62.470000000000006,6,Mirfentanil,DB09175
330.4310000000001,0.5372999999999997,21,22,2,0,2,5,86.71000000000001,6,Almecillin,DB20069
412.42800000000005,3.429000000000001,31,35,5,5,1,6,85.07000000000001,4,Capmatinib,DB11791
284.399,3.719400000000003,21,24,4,0,1,2,37.3,0,Metribolone,DB02998
354.4580000000001,3.2021000000000015,26,28,3,3,3,7,87.89,8,Seliciclib,DB06195
227.0,0.0,1,0,0,0,0,0,0.0,0,Actinium,DB12860
173.212,0.6218000000000001,12,11,0,0,2,2,66.4,4,Acetylleucine,DB13226
303.32200000000006,-0.0807999999999991,22,24,3,2,2,7,100.35,3,Pipemidic acid,DB13823
314.3490000000001,-0.38149999999999906,23,25,3,3,1,8,86.74000000000001,5,Pimefylline,DB20298
496.6330000000002,3.8980000000000032,35,37,3,3,1,7,101.49000000000001,12,Selexipag,DB11362
309.34299999999996,1.6441999999999999,21,23,3,2,1,5,99.60000000000001,2,Irosustat,DB02292
289.403,2.6663000000000014,17,18,2,2,1,5,67.25999999999999,5,3-(2-Benzothiazolylthio)-1-Propanesulfonic Acid,DB03132
152.19699999999997,1.6086,11,11,1,1,0,3,35.010000000000005,2,2-Methoxy-3-Isopropylpyrazine,DB01760
187.17999999999998,1.0096999999999998,12,12,1,1,1,5,85.13,2,NITHIAMIDE,DB19371
217.221,0.22069999999999979,15,14,0,0,3,3,103.70000000000002,7,N-(3-carboxypropanoyl)-L-norvaline,DB08554
228.24699999999999,2.749200000000001,17,18,2,2,1,3,46.53,3,Benzylparaben,DB14176
479.02000000000027,4.195240000000003,34,36,4,4,2,4,61.66,7,Rhodamine 6G,DB03825
558.5360000000003,1.1983999999999995,40,46,8,1,4,12,178.27999999999997,2,Granaticin B,DB17273
383.46700000000004,3.0231000000000012,28,31,4,2,1,4,44.81,6,Spiramide,DB19907
240.26600000000002,2.1206999999999994,18,20,3,2,2,5,58.540000000000006,3,Oxifungin,DB20654
242.27400000000003,3.6670000000000016,18,19,2,2,1,2,46.53,4,Fenoprofen,DB00573
407.44500000000005,4.165500000000002,30,32,3,3,2,5,94.31,7,Sovesudil,DB18812
391.46700000000016,4.411120000000003,29,32,4,3,0,5,59.75,5,Flavoxate,DB01148
358.41000000000014,-0.3383999999999996,26,29,4,3,1,11,123.56,3,Vicasinabin,DB21587
323.054589,-3.2250999999999976,15,14,1,1,1,3,69.22999999999999,3,Iodohippurate sodium I-123,DB09448
390.64200000000005,3.6015000000000015,21,22,2,2,2,3,83.47,4,5-BROMO-2-{[(4-CHLOROPHENYL)SULFONYL]AMINO}BENZOIC ACID,DB07309
422.323,3.1921000000000017,26,28,3,2,0,6,47.06,6,NGD-4715,DB06027
359.4180000000001,3.2242000000000006,26,30,5,5,0,8,73.79,3,SGX-523,DB06314
356.42500000000007,0.8810999999999996,23,24,2,1,4,6,115.73000000000002,6,Hydrolyzed Cephalothin,DB02247
341.16400000000004,3.420700000000001,21,24,4,2,2,3,58.2,0,5-Bromoindirubin,DB07493
453.50700000000006,6.201440000000004,30,32,3,3,1,5,59.42,7,Cardarine,DB05416
184.20700000000002,-2.1050999999999993,13,12,0,0,4,4,153.51999999999998,3,Mitoguazone,DB12967
426.5096106680002,3.570500000000001,37,40,4,3,2,8,111.03000000000002,10,Envudeucitinib,DB21716
364.7600000000001,3.4305000000000003,25,26,2,2,3,4,95.5,6,2-{[N-(2-ACETYL-5-CHLORO-4-FLUOROPHENYL)GLYCYL]AMINO}BENZOIC ACID,DB07085
226.659,2.531900000000001,15,15,1,1,1,2,46.53,5,Alclofenac,DB13167
545.5810000000001,4.489500000000004,39,42,4,3,3,6,70.56,7,Rezatapopt,DB18980
767.5409999999997,-1.6652999999999962,48,50,3,2,10,18,346.5599999999999,18,Coenzyme A,DB01992
392.4590000000002,4.459720000000003,29,32,4,3,2,5,79.63,7,AB-8939,DB17115
47.867,-0.0025,1,0,0,0,0,0,0.0,0,Titanium,DB14160
234.343,2.5837400000000006,17,17,1,1,1,2,32.34,5,Lidocaine,DB00281
291.25600000000003,-3.066599999999999,20,20,1,0,6,7,156.55,5,"2-deoxy-2,3-dehydro-N-acetylneuraminic acid",DB03991
342.78200000000004,3.2470000000000017,24,26,3,3,3,2,82.19,5,Benzotript,DB20920
380.3660000000001,4.825200000000004,27,29,3,2,1,3,62.66,4,4-(3-{[5-(trifluoromethyl)pyridin-2-yl]oxy}benzyl)piperidine-1-carboxylic acid,DB08400
240.306,-0.8083999999999993,14,13,0,0,4,6,126.64000000000001,7,Cystine,DB00138
156.18499999999997,0.5376000000000003,11,10,0,0,2,2,72.19,2,Ectylurea,DB19647
178.18400000000003,-1.5397000000000005,12,12,1,0,3,5,79.15,1,2-O-methyl-alpha-L-fucopyranose,DB04515
479.5180000000002,3.8523200000000015,34,37,4,4,1,9,125.42,8,Avosentan,DB20899
362.35200000000015,0.5198000000000016,21,21,2,0,0,2,26.3,6,Anisotropine methylbromide,DB00517
503.51500000000027,-0.15999999999999925,33,34,2,2,3,11,191.97999999999996,9,Mesosulfuron-methyl,DB15184
556.5310000000003,2.9808000000000012,41,44,4,4,0,12,156.76,12,Niceritrol,DB13441
370.9240000000001,4.788500000000004,26,28,3,2,0,2,23.55,5,Lorcainide,DB13653
399.3890000000001,-2.858399999999998,27,31,5,1,3,8,178.54999999999998,4,Funobactam,DB21541
440.54000000000025,4.115500000000003,32,35,4,2,2,5,101.66,11,Ifetroban,DB12321
265.272,3.3851200000000006,20,23,4,4,2,4,74.94,1,Furodazole anhydrous,DB20022
1414.5680000000004,-8.074480000000033,96,101,6,4,19,31,625.38,35,Bleomycin A2,DB19091
338.22600000000006,4.096700000000003,19,21,3,2,1,3,50.19,3,Ruzinurad,DB19209
320.39200000000005,3.3908000000000023,24,27,4,3,0,3,36.690000000000005,3,Befuraline,DB20202
304.43000000000006,3.7649000000000026,22,25,4,0,2,3,57.53,0,17alpha-methyl-4-hydroxynandrolone,DB01540
404.16100000000006,-2.6179000000000006,25,26,2,1,6,10,217.83999999999997,6,Uridine-5'-Diphosphate,DB03435
620.6990000000002,0.9195000000000023,45,49,5,3,6,9,166.81,14,"N,N-[2,5-O-Dibenzyl-glucaryl]-DI-[1-amino-indan-2-OL]",DB01887
399.48400000000015,2.0603,28,29,2,0,3,5,122.16000000000003,11,Candoxatrilat,DB11623
506.43100000000015,2.9042000000000012,35,38,4,3,2,11,152.70999999999998,10,Rovafovir etalafenamide,DB14903
363.244,4.5168000000000035,24,27,4,2,1,3,45.06,1,Mexazolam,DB15489
318.34,2.6096700000000004,24,27,4,4,5,4,127.46,3,2-(4-HYDROXY-5-PHENYL-1H-PYRAZOL-3-YL)-1H-BENZOIMIDAZOLE-5-CARBOXAMIDINE,DB07207
801.6720000000004,2.820800000000003,54,59,6,1,4,14,207.01999999999995,8,Carboxymycobactin S,DB01926
324.40500000000014,3.9672800000000032,23,25,3,2,1,4,73.97999999999999,6,Darbinurad,DB21695
441.47900000000004,3.835020000000002,30,32,3,2,2,5,101.21000000000001,4,Alpelisib,DB12015
347.426,3.7317800000000023,26,29,4,3,2,7,90.92999999999999,5,"2-(CYCLOHEXYLMETHYLAMINO)-4-(PHENYLAMINO)PYRAZOLO[1,5-A][1,3,5]TRIAZINE-8-CARBONITRILE",DB08353
386.49900000000014,3.168820000000002,29,33,5,2,0,4,39.15,4,Dordaviprone,DB14844
207.22899999999998,0.8940999999999999,15,17,3,1,1,4,41.93000000000001,0,Hydrastinine,DB19359
238.24300000000002,-0.0687000000000007,17,17,1,1,4,3,98.66,5,(2R)-3-{[(BENZYLAMINO)CARBONYL]AMINO}-2-HYDROXYPROPANOIC ACID,DB08007
547.4800000000002,4.334080000000004,37,40,4,4,2,9,143.38000000000002,10,Fosravuconazole,DB15204
679.4979999999999,-2.242529999999998,44,48,5,3,8,18,299.02000000000004,11,Thionicotinamide-Adenine-Dinucleotide,DB03893
267.245,-1.6575000000000002,19,21,3,2,4,8,139.28,2,3'-deoxyguanosine,DB03609
937.8920000000012,-10.860900000000024,64,69,6,0,18,27,439.0100000000001,13,Modified Acarbose Hexasaccharide,DB03617
360.25900000000007,-0.22660000000000025,24,26,3,2,4,8,143.5,5,"Phosporic Acid Mono-[3,4-Dihydroxy-5-(5-Methoxy-Benzoimidazol-1-Yl)-Tetrahydro-Furan-2-Ylmethyl] Ester",DB04176
3255.7549999999887,-13.470130000000088,229,232,4,4,48,47,1385.9999999999995,110,Aviptadil,DB06260
401.5100000000001,5.014400000000004,30,34,5,3,3,3,78.00999999999999,5,"4-(6-{[(4-METHYLCYCLOHEXYL)AMINO]METHYL}-1,4-DIHYDROINDENO[1,2-C]PYRAZOL-3-YL)BENZOIC ACID",DB07320
456.58600000000007,5.940920000000007,34,38,5,4,2,5,57.86,7,Pipendoxifene,DB05414
337.42300000000006,3.6666000000000016,25,28,4,2,1,4,44.81,2,Phenserine,DB04892
131.131,-0.8128000000000004,9,9,1,0,2,3,75.85,3,3-Oxiran-2ylalanine,DB03191
190.17599999999996,0.3445,12,12,1,1,3,4,94.82999999999998,1,Dobesilic acid,DB13529
504.53000000000014,6.650520000000005,35,38,4,4,1,6,85.45,8,Fonadelpar,DB16169
366.5050000000001,3.8736000000000033,27,29,3,2,1,3,43.78,6,Ohmefentanyl,DB01570
365.34400000000005,7.003600000000007,24,25,2,2,1,1,20.23,4,Clofoctol,DB13237
62.004000000000005,-0.23910000000000006,4,3,0,0,0,3,66.19999999999999,0,Nitrate,DB14049
399.4980000000001,5.549200000000004,30,33,4,4,3,4,84.97,3,1-[1-(3-aminophenyl)-3-tert-butyl-1H-pyrazol-5-yl]-3-naphthalen-1-ylurea,DB06882
354.4020000000001,4.216800000000003,26,27,2,2,3,5,86.99000000000001,6,Xanthohumol,DB15359
506.56700000000035,1.4777799999999999,37,40,4,2,2,9,143.79,8,Roblitinib,DB16845
402.44800000000015,4.673900000000004,30,34,5,4,2,3,53.6,5,GSK-1521498,DB12886
425.60200000000026,3.9075000000000024,30,33,4,3,2,5,64.26,8,Minzasolmin,DB18961
371.44100000000003,2.8252000000000006,27,29,3,3,1,8,97.31,8,"9-Butyl-8-(3,4,5-Trimethoxybenzyl)-9h-Purin-6-Amine",DB02754
845.0230000000001,4.603500000000006,60,64,5,2,2,15,197.86999999999995,11,Solithromycin,DB09308
370.4890000000001,7.941100000000007,25,24,0,0,0,2,26.3,16,Methoxy arachidonyl fluorophosphonate,DB02465
325.28600000000006,3.763800000000002,23,24,2,2,3,3,69.56,5,Crisdesalazine,DB18405
323.19800000000004,-2.4459999999999997,21,22,2,1,5,9,177.35999999999999,4,2'-cytidylic acid,DB03765
193.25399999999996,0.41189999999999993,14,15,2,1,0,5,46.84,2,Alvameline,DB19967
470.4110000000004,1.1941999999999993,32,38,7,0,2,8,139.88000000000002,5,Minnelide free acid,DB17260
242.322,3.7536000000000014,18,19,2,2,1,3,48.14,2,CB-103,DB15279
166.17599999999996,0.6745999999999999,12,12,1,1,2,2,57.53,3,(S)-3-phenyllactic acid,DB02494
153.137,1.6088199999999997,11,11,1,1,1,3,63.37,1,2-Nitro-4-cresol,DB04110
254.188,2.388300000000001,18,18,1,1,2,3,74.6,4,"3-fluoro-6-(4-fluorophenyl)-2-hydroxy-6-oxohexa-2,4-dienoic acid",DB07510
399.41900000000015,1.218099999999999,28,29,2,1,1,9,122.74000000000001,6,Mericitabine,DB12045
295.3860000000001,2.976300000000001,22,24,3,2,0,3,26.79,3,Dibenzepin,DB13225
330.292,2.5940000000000007,24,26,3,3,3,7,109.36000000000001,3,"5,7,2′-trihydroxy-6,8-dimethoxyflavone",DB13983
142.39299999999997,-2.8683999999999994,9,6,0,0,0,4,80.25999999999999,0,Magnesium acetate,DB13996
113.116,-0.5361,8,8,1,0,1,2,46.17,1,5-Oxoprolinal,DB03901
88.10599999999998,0.8711,6,5,0,0,1,1,37.3,2,Butyric Acid,DB03568
380.47300000000024,3.999600000000002,27,30,4,3,2,4,78.08999999999999,4,Milpecitinib,DB21676
168.58299999999997,2.0633999999999997,11,12,2,2,1,3,52.05,0,Zoxazolamine,DB19372
790.9909999999998,2.5882000000000067,57,63,7,5,8,8,199.33999999999997,15,Relamorelin,DB12678
403.4170000000001,3.7193200000000015,30,35,6,4,1,7,73.57000000000001,1,Pociredir,DB18070
317.22999999999996,3.8374000000000024,19,20,2,2,0,2,16.130000000000003,4,Zimelidine,DB04832
235.30499999999998,0.7764999999999996,15,14,0,0,3,4,100.62,9,S-(D-Carboxybutyl)-L-Homocysteine,DB02337
350.4620000000001,4.024840000000003,26,28,3,3,0,4,34.47,6,Indocate,DB20204
677.9449999999996,9.051400000000005,46,45,0,0,0,8,111.19,34,DL-dimyristoylphosphatidylcholine,DB11283
508.91100000000023,0.019700000000000828,35,38,4,1,7,10,187.85999999999999,3,Clomocycline,DB00453
1497.6810000000014,-8.273280000000018,103,108,6,4,23,34,677.1499999999999,43,Bleomycin A6,DB12992
843.0650000000002,2.325100000000008,59,62,4,0,4,16,195.38,11,Spiramycin,DB06145
205.166,-1.8521000000000005,14,14,1,0,5,6,130.58,1,3-Hydroxyimino Quinic Acid,DB03739
282.507,-0.12560000000000043,15,13,0,0,4,4,106.86000000000001,2,Acetylglycinamide chloral hydrate,DB13402
292.07300000000004,-1.1566,17,16,0,0,6,4,189.66,6,Butedronic acid,DB16004
376.14400000000006,-4.442479999999998,11,7,1,1,1,2,47.89,0,Picoplatin,DB04874
192.23999999999998,-0.13900000000000023,12,11,0,0,3,3,92.41999999999999,5,N-Carbamyl-D-Methionine,DB03364
329.35200000000003,1.9696,24,25,2,2,3,4,95.86000000000001,7,3-BENZYLOXYCARBONYLAMINO-2-HYDROXY-4-PHENYL-BUTYRIC ACID,DB08041
1321.823999999999,3.004799999999996,92,92,1,0,6,15,302.27,19,SCY-635,DB12451
241.28699999999992,0.9575999999999993,17,17,1,0,1,4,72.47,7,3-OXO-OCTANOIC ACID (2-OXO-TETRAHYDRO-FURAN-3-YL)-AMIDE,DB08081
298.36300000000006,3.764700000000002,21,23,3,2,1,3,54.37,2,Zaltoprofen,DB06737
354.40400000000017,4.840200000000004,26,29,4,2,2,4,48.78,3,Liroldine,DB20758
258.068,-1.7959999999999994,17,17,1,1,4,8,130.06,5,[(2-AMINO-ALPHA-METHOXYIMINO-4-THIAZOLYLACETYL)AMINO]METHYLBORONIC ACID,DB07599
498.43200000000036,-11.647600000000004,29,24,0,0,2,14,281.23999999999995,10,Calcium citrate,DB11093
418.4560000000001,2.5978200000000005,28,30,3,3,3,7,138.35000000000002,6,Phthalylsulfamethizole,DB21215
412.5290000000003,6.681400000000005,31,36,7,3,1,2,46.53,4,Adapalene,DB00210
437.41200000000015,-1.6293999999999977,28,29,2,1,4,11,210.80999999999997,8,Tigemonam,DB20272
181.23500000000004,1.2602,13,13,1,1,2,3,43.7,5,[HYDROXY(3-PHENYLPROPYL)AMINO]METHANOL,DB08523
259.306,0.10779999999999967,18,17,0,0,3,4,96.53000000000002,5,(TERT-BUTYLOXYCARBONYL)-ALANYL-AMINO ETHYL-FORMAMIDE,DB07433
379.88700000000006,5.684900000000004,27,30,4,3,1,2,42.230000000000004,4,Licofelone,DB04725
271.342,1.0568,18,18,1,1,3,4,101.29,5,Carbutamide,DB13406
251.713,2.904300000000001,17,18,2,1,1,2,40.54,3,Pirprofen,DB13722
217.25643359999998,1.5124000000000002,16,17,2,2,3,2,79.11000000000001,3,11C-AMT,DB18760
664.8110000000001,3.574200000000002,49,56,8,4,2,11,120.98999999999998,7,Fenebrutinib,DB14785
455.58000000000027,2.2566000000000006,32,34,3,2,2,5,87.74000000000001,10,Morpholine-4-Carboxylic Acid [1-(2-Benzylsulfanyl-1-Formyl-Ethylcarbamoyl)-2-Phenyl-Ethyl]-Amide,DB03984
421.50400000000013,4.822100000000003,32,37,6,5,2,6,89.33,3,Linsitinib,DB06075
290.794,3.4026000000000023,20,21,2,2,0,3,25.36,6,Carbinoxamine,DB00748
197.66499999999994,1.3643,13,13,1,1,1,2,43.09,4,Phenylalanylmethylchloride,DB08374
430.5280000000002,1.605199999999999,31,34,4,2,1,6,96.83,5,"(2S,3S)-3-AMINO-4-[(3S)-3-FLUOROPYRROLIDIN-1-YL]-N,N-DIMETHYL-4-OXO-2-(TRANS-4-[1,2,4]TRIAZOLO[1,5-A]PYRIDIN-5-YLCYCLOHEXYL)BUTANAMIDE",DB07135
460.4210000000002,-1.452499999999999,34,37,4,4,3,6,183.61,7,CRA_17693,DB01741
452.5510000000003,3.9598800000000027,33,35,3,2,0,7,81.02000000000001,12,Aftobetin,DB20425
160.217,-0.21200000000000002,11,10,0,0,3,3,75.35,6,Epsilon-N-methyllysine,DB01714
453.3090000000001,4.067600000000001,30,31,2,1,3,6,82.96000000000001,5,Ranosidenib,DB21727
955.1339999999996,1.2050000000000105,70,75,6,6,11,10,314.19999999999993,25,Growth hormone-releasing peptide 1,DB19259
326.40000000000015,2.0133,24,28,6,2,4,4,104.03000000000002,3,Peficitinib,DB11708
1579.608,-0.663960000000015,109,123,15,4,12,24,536.3099999999998,19,Cobamamide,DB11191
406.49000000000007,1.5622999999999998,30,33,4,3,2,6,94.22,5,Saruparib,DB18982
342.402,3.379080000000002,26,30,5,3,1,3,72.78,1,BI-187004,DB18897
439.3960000000001,0.29959999999999926,31,33,3,2,3,10,141.37,6,Galocitabine,DB21373
336.6080000000001,5.571000000000006,24,25,2,0,0,2,6.48,10,Atiprimod,DB05513
266.29999999999995,-0.4087999999999994,16,16,1,1,3,5,126.56,4,Mesulfamide,DB21395
392.87900000000013,1.9830999999999996,27,30,4,0,2,5,91.66999999999999,2,Chloroprednisone,DB15970
442.6590000000002,7.158200000000009,32,34,3,0,2,2,40.46,7,Elocalcitol,DB06194
414.5970000000002,4.988400000000003,31,34,4,4,2,2,55.92,7,Propidium,DB02166
685.8220000000001,2.9036000000000026,50,52,3,3,5,7,199.78,18,"Tert-butyl N-[(2S,5R)-6-[[(2S)-5-amino-1-[[(2S)-1-amino-1-oxo-3-phenylpropan-2-yl]amino]-1,5-dioxopentan-2-yl]amino]-5-benzyl-3,6-dioxo-1-phenylhexan-2-yl]carbamate",DB04353
247.143,0.5174199999999998,16,16,1,1,3,5,116.95,4,Pyridoxal phosphate,DB00114
342.2260000000001,2.8435000000000006,22,23,2,2,2,4,81.13999999999999,6,FR239087,DB03370
390.3490000000001,-3.156499999999996,27,26,0,0,7,7,225.21999999999997,12,Epitalon,DB17882
180.236,0.24869999999999975,12,12,1,1,2,3,63.3,2,Nicothiazone,DB19740
89.09400000000001,0.10160000000000025,6,5,0,0,1,2,52.32,1,Urethane,DB04827
211.21699999999998,0.4423000000000001,15,15,1,1,4,4,103.78,3,Methyldopa,DB00968
407.4450000000002,4.834620000000004,30,34,5,4,2,5,82.39,6,Anlotinib,DB11885
374.4440000000002,3.1298000000000012,28,31,4,3,1,4,67.23,4,Indole Naphthyridinone,DB01691
338.312,-0.7198800000000003,24,26,3,2,4,8,129.59,3,7-(alpha-D-Glucopyranosyloxy)-4-methyl-2H-1-benzopyran-2-one,DB02639
562.6560000000004,1.2261999999999997,40,44,5,0,4,10,163.12,6,Tigilanol tiglate,DB18800
412.8770000000002,4.506700000000004,29,31,3,3,0,6,81.26999999999998,8,Nizofenone,DB13546
378.2580000000001,-3.1401999999999988,25,27,3,2,6,9,197.03000000000003,4,7-methyl-5'-guanylic acid,DB03593
704.6499999999999,5.216100000000004,47,52,6,4,1,9,117.62,8,JTK-853,DB13095
476.54100000000017,2.8455000000000004,34,38,5,0,1,7,99.13,3,Flunisolide acetate,DB14662
549.0080000000002,-5.967300000000002,19,6,0,0,0,12,306.38,0,Zinc carbonate,DB14494
173.256,1.6147,12,11,0,0,2,2,63.32,6,Imagabalin,DB12105
257.33299999999997,3.0321000000000016,19,20,2,2,0,3,21.700000000000003,6,Medifoxamine,DB13219
513.8070000000007,7.875700000000009,37,37,2,2,0,3,49.36,18,Cetyltrimethylammonium naproxenate,DB15877
468.47900000000027,6.057200000000006,34,37,4,4,0,6,65.97,10,Mubritinib,DB12682
489.52700000000044,4.996800000000004,31,30,0,0,3,7,137.54,23,1-O-Octyl-2-Heptylphosphonyl-Sn-Glycero-3-Phosphoethanolamine,DB03565
1415.5760000000005,-7.703580000000035,96,101,6,4,20,31,627.0700000000002,35,Bleomycin,DB00290
499.51000000000016,4.611200000000004,36,38,3,3,2,5,94.09,11,Firategrast,DB12732
361.6140000000001,7.248800000000007,26,26,1,0,1,1,29.1,15,Clinolamide,DB20721
271.42599999999993,3.299000000000002,18,17,0,0,1,3,46.17,10,2-Decenoyl N-acetyl cysteamine,DB03813
336.39500000000004,3.622600000000002,25,28,4,3,2,3,70.25,5,Varoglutamstat,DB18785
242.4709999999999,5.003600000000005,17,16,0,0,0,0,0.0,12,Tetrabutylammonium Ion,DB01851
180.15599999999998,-3.3788000000000005,12,11,0,0,5,6,118.22000000000001,5,Galactose,DB11735
186.167,-0.35698000000000024,13,13,1,1,3,5,109.58,3,(S)-AMPA,DB02057
260.406,3.316300000000002,18,19,2,2,0,3,6.48,6,Methaphenilene,DB21086
420.0930000000001,-3.4836,24,24,1,0,9,9,260.96999999999997,6,"1D-myo-inositol 1,4,5-trisphosphate",DB03401
418.78000000000014,3.728300000000001,27,29,3,3,2,4,88.41000000000001,4,N'-(5-CHLOROBENZOFURAN-2-CARBONYL)-2-(TRIFLUOROMETHYL)BENZENESULFONOHYDRAZIDE,DB07544
485.50600000000014,5.821520000000005,35,38,4,3,1,5,63.69,5,Sonidegib,DB09143
340.8510000000001,2.830700000000001,23,24,2,1,2,4,61.80000000000001,6,Eticlopride,DB15492
358.47800000000007,5.544700000000006,26,27,2,1,3,3,77.75999999999999,7,Cannabidiolic acid,DB19261
253.30100000000004,3.6593000000000027,19,21,3,3,1,2,42.23,4,Carbazole Butanoic Acid,DB03851
506.47100000000034,2.31792,37,40,4,3,4,11,197.17999999999998,6,Streptonigrin,DB19689
547.6740000000002,2.3753,38,41,4,2,3,8,140.42000000000002,11,Darunavir,DB01264
313.51000000000005,2.413200000000001,18,17,0,0,3,6,83.55,13,6-(Hydroxyethyldithio)-8-(Aminomethylthio)Octanoic Acid,DB03187
430.54100000000017,2.3323,31,34,4,0,3,6,104.06,3,Ingenol mebutate,DB05013
162.279,1.3646,9,8,0,0,1,2,17.07,4,3-(Prop-2-Ene-1-Sulfinyl)-Propene-1-Thiol,DB02895
321.454,1.41959,22,23,2,2,5,4,105.27,8,Sopromidine,DB21388
397.482,4.6763800000000035,30,33,4,3,2,5,90.7,6,Rivoceranib,DB14765
528.5730000000003,3.9242000000000035,38,42,5,1,1,8,120.11000000000001,5,Dexamethasone acefurate,DB21317
311.389,2.808,23,25,3,3,1,6,78.85000000000001,6,9-Butyl-8-(3-Methoxybenzyl)-9h-Purin-6-Amine,DB03809
126.11099999999998,0.5844,9,9,1,1,1,3,50.440000000000005,2,5-Hydroxymethylfurfural,DB12298
214.692,2.3184000000000005,14,14,1,1,2,2,40.46,2,Phenaglycodol,DB19373
306.7970000000001,4.015000000000002,21,22,2,2,2,3,58.95,2,1-(5-Tert-Butyl-2-Methyl-2h-Pyrazol-3-Yl)-3-(4-Chloro-Phenyl)-Urea,DB02277
454.6110000000002,5.093080000000005,33,34,2,2,0,6,63.95,13,Dexverapamil,DB14063
178.575,-0.2605,11,11,1,0,2,4,84.91,2,Acivicin,DB21004
485.35,5.147700000000004,27,30,4,4,1,3,58.64,4,4-[5-(3-IODO-PHENYL)-2-(4-METHANESULFINYL-PHENYL)-1H-IMIDAZOL-4-YL]-PYRIDINE,DB07607
269.388,3.655800000000003,20,21,2,2,1,2,21.259999999999998,8,Bifemelane,DB13550
231.25499999999997,-0.8194999999999992,17,20,4,0,0,5,43.169999999999995,3,Triaziquone,DB13304
223.27200000000002,2.0551,16,16,1,1,0,4,48.42,7,Nicoboxil,DB12911
324.8019999999999,3.880000000000001,14,13,0,0,0,3,35.53,2,Clorethate,DB20447
308.768,3.1572000000000013,22,24,3,2,0,2,32.67,2,Pinazepam,DB13335
533.6390000000002,4.500740000000005,38,41,4,2,0,6,61.800000000000004,6,Vicriviroc,DB06652
288.3939999999999,4.725700000000003,22,25,4,3,1,2,24.92,3,9-N-Phenylmethylamino-Tacrine,DB03672
339.35900000000004,-0.26059999999999994,15,10,0,0,2,2,160.1,4,Propagermanium,DB17608
319.246,3.9277000000000024,19,20,2,2,0,2,16.130000000000003,5,Brompheniramine,DB00835
319.832,5.016400000000004,22,24,3,2,1,2,42.09,3,6-CHLORO-4-(CYCLOHEXYLOXY)-3-ISOPROPYLQUINOLIN-2(1H)-ONE,DB07871
296.4390000000001,4.241000000000003,21,24,4,2,0,3,6.48,2,Methdilazine,DB00902
417.63400000000007,6.7940000000000085,30,30,1,1,3,3,69.56,18,N-oleoyldopamine,DB17036
207.233,0.30946999999999925,15,16,2,1,3,3,80.36000000000001,2,Guanoxan,DB13211
151.20899999999997,1.0672000000000001,11,11,1,1,2,2,46.25,2,Phenylpropanolamine,DB00397
306.44600000000014,2.9299000000000017,22,25,4,0,2,3,57.53,0,7-beta-Hydroxyepiandrosterone,DB06622
505.3990000000002,3.7030400000000023,35,38,4,4,4,10,160.96999999999997,8,Fosifidancitinib,DB21462
260.337,1.8034999999999997,19,21,3,1,1,3,41.57000000000001,3,Fenspiride,DB08979
598.6579999999999,4.464500000000003,44,50,7,4,1,9,123.13,6,Garsorasib,DB21581
410.96400000000006,0.047300000000000064,26,27,2,0,5,7,111.05000000000001,6,Pirlimycin,DB11537
437.2440000000001,4.780400000000002,27,29,3,3,2,4,68.18,4,Nelotanserin,DB12555
392.5800000000002,4.4779000000000035,28,31,4,0,3,3,77.75999999999999,4,Hyodeoxycholic Acid,DB11789
357.4940000000001,3.337900000000002,26,29,4,1,1,4,49.769999999999996,4,Levophencynonate,DB16011
498.58700000000016,4.357120000000003,37,42,6,4,3,8,113.67,8,Luvixasertib,DB19200
764.2380000000003,0.9257900000000037,41,39,2,2,2,10,187.46999999999997,16,Procaine merethoxylline,DB09364
758.0749999999995,10.943999999999994,52,51,0,0,0,8,111.19,38,Palmitoyl-Linoleoyl Phosphatidylcholine,DB02306
266.274,0.6740999999999999,17,16,0,0,3,4,94.83000000000001,8,"[(3R,4S,5S,7R)-4,8-DIHYDROXY-3,5,7-TRIMETHYL-2-OXOOCTYL]PHOSPHONIC ACID",DB08759
475.6230000000003,0.7037000000000002,33,32,1,0,8,8,184.7,15,Dinoprost tromethamine,DB01160
286.378,4.3949700000000025,22,25,4,3,2,1,49.870000000000005,3,Trans-6-(2-Phenylcyclopropyl)-Naphthalene-2-Carboxamidine,DB03476
947.1069999999994,8.589000000000006,68,77,10,6,4,12,201.69,12,Ruzasvir,DB11713
293.41,4.181200000000003,22,24,3,2,0,1,23.06,3,Amitriptylinoxide,DB13114
145.25,-0.3362999999999989,10,9,0,0,3,3,64.07,7,Spermidine,DB03566
590.0459999999999,5.5732000000000035,41,45,5,3,2,8,102.6,7,Rodatristat ethyl,DB18479
335.20500000000004,-2.2311999999999985,22,23,2,1,4,7,160.45999999999998,5,Namn,DB02382
350.408,-0.2934000000000007,24,24,1,0,4,8,125.68,11,GALACTOSE GREASE,DB04680
360.25900000000007,1.5285000000000002,24,24,1,1,3,6,156.07,9,N-[4-(4-nitrophenylphospho)butanoyl]-D-alanine,DB08377
321.3420000000001,4.149900000000002,23,25,3,2,1,2,21.259999999999998,4,Ampreloxetine,DB15348
542.5430000000003,4.107000000000003,38,43,6,4,2,6,120.94000000000001,7,Plixorafenib,DB16038
360.38500000000016,2.3071,26,29,4,2,2,5,82.77000000000001,2,Nadifloxacin,DB12447
122.12299999999998,1.2047,9,9,1,1,1,2,37.3,1,P-Hydroxybenzaldehyde,DB03560
374.44400000000013,2.9534400000000014,28,30,3,3,2,4,83.98,6,"PYRIMIDINE-4,6-DICARBOXYLIC ACID BIS-(3-METHYL-BENZYLAMIDE)",DB04759
464.3660000000002,2.408100000000001,32,34,3,2,1,6,90.45,5,Retagliptin,DB14898
256.21299999999997,2.9824,19,21,3,3,2,3,87.74000000000001,2,"Dibenzofuran-4,6-Dicarboxylic Acid",DB03682
249.27300000000002,2.3165000000000004,19,22,4,2,1,3,58.69,0,Daniquidone,DB12804
268.35999999999996,2.2194000000000003,20,21,2,2,2,2,55.120000000000005,5,Remacemide,DB06458
598.0520000000002,4.611300000000004,42,46,5,2,1,10,129.47,7,Cronidipine,DB09233
505.2100000000001,-1.518100000000001,31,33,3,2,7,13,269.9,8,"alpha,beta-Methyleneadenosine 5'-triphosphate",DB02596
415.7950000000001,4.158200000000003,28,29,2,2,1,4,64.63,7,Arhalofenate,DB11811
200.052,-1.5202,9,8,0,0,2,4,97.46000000000001,3,Dioxyselenocysteine,DB02442
216.19199999999998,2.5478000000000005,16,18,3,3,0,4,52.58,1,Bergapten,DB12216
240.25799999999998,3.030800000000001,18,20,3,2,2,3,49.69,1,Idronoxil,DB04915
311.40700000000015,1.8978199999999998,21,22,2,1,3,4,101.28999999999999,3,Metahexamide,DB13675
923.5369999999995,8.786600000000005,65,73,9,5,3,12,175.27,12,Lacutoclax,DB21657
317.319,-0.5132000000000001,21,22,2,1,4,8,133.29,4,PARA-NITROPHENYL 1-THIO-BETA-D-GLUCOPYRANOSIDE,DB08430
487.5100000000004,-2.867699999999993,34,34,1,0,7,8,228.46,14,Goralatide,DB20748
280.284,-0.8652800000000005,20,22,3,2,3,8,113.52000000000001,2,9-(6-deoxy-alpha-L-talofuranosyl)-6-methylpurine,DB02934
496.42400000000015,4.168800000000003,36,39,4,4,2,6,126.69,5,BAY-876,DB16758
324.45300000000003,4.242900000000002,23,25,3,3,2,5,77.82,2,"5-[4-Tert-Butylphenylsulfanyl]-2,4-Quinazolinediamine",DB01958
1355.3879999999995,6.223230000000013,93,98,8,2,15,21,503.5800000000002,26,8-epi-Cyanocobalamin,DB14092
382.2610000000001,4.184680000000003,24,25,2,2,1,3,65.78,5,MOL-4239,DB16051
208.16899999999998,1.3678000000000003,15,16,2,2,5,5,101.15,0,"naphthalene-1,2,4,5,7-pentol",DB06915
456.41500000000013,3.6311000000000018,32,35,4,2,1,3,69.3,2,Tinlarebant,DB17832
217.24599999999998,0.3693999999999997,14,14,1,1,2,4,89.62,4,Tyramine O-sulfate,DB14630
519.5740000000002,5.364900000000004,35,38,4,4,2,7,110.85999999999999,5,Dabrafenib,DB08912
323.3709999999999,2.9793000000000003,24,27,4,3,3,2,56.919999999999995,3,Rucaparib,DB12332
1385.0570000000012,-9.185000000000011,78,80,3,0,12,37,748.9100000000005,29,Muparfostat,DB05808
383.5170000000001,2.8560000000000016,27,30,4,2,1,6,48.300000000000004,5,Quetiapine,DB01224
437.57700000000045,3.9638000000000027,31,32,2,0,0,6,89.97999999999999,0,"(21S)-1AZA-4,4-DIMETHYL-6,19-DIOXA-2,3,7,20-TETRAOXOBICYCLO[19.4.0] PENTACOSANE",DB08520
749.0199999999993,10.446999999999997,51,50,0,0,3,9,148.82000000000002,39,1-Palmitoyl-2-oleoyl-sn-glycero-3-(phospho-rac-(1-glycerol)),DB11331
100.03900000000002,0.5410000000000001,6,5,0,0,1,1,20.23,0,Trifluoroethanol,DB03226
401.5070000000002,2.4867800000000004,29,31,3,1,1,6,86.03,5,Adekalant,DB20077
321.3760000000001,3.8845000000000027,24,27,4,3,0,4,40.46,1,Acronine,DB21102
234.38699999999997,2.3451000000000004,17,20,4,0,0,2,6.48,0,beta-Isosparteine,DB14755
481.53000000000026,1.6458999999999995,34,38,5,2,2,8,128.03,5,Talampicillin,DB13814
145.15800000000002,-0.23249999999999998,10,9,0,0,2,3,80.39000000000001,5,Allysine,DB02571
445.5260000000001,1.3653700000000006,30,33,4,3,4,7,149.46999999999997,6,RPR131247,DB02744
685.4540000000002,6.392500000000007,46,50,5,5,4,5,145.76999999999998,10,"{[2-(1h-1,2,3-Benzotriazol-1-Yl)-2-(3,4-Difluorophenyl)Propane-1,3-Diyl]Bis[4,1-Phenylene(Difluoromethylene)]}Bis(Phosphonic Acid)",DB02651
449.46700000000027,1.7933,33,35,3,3,5,7,181.52000000000004,9,"4'-Methylene-5,8,10-trideazaaminopterin",DB05616
414.0530000000002,3.351400000000001,21,23,3,2,1,4,62.66,1,Epaminurad,DB18973
383.47000000000014,0.7314000000000014,26,27,2,1,2,6,110.95999999999998,8,Veralipride,DB13523
242.238,1.6855999999999998,18,21,4,3,1,5,76.83,1,S-8510,DB06504
484.5030000000001,-7.2913999999999985,33,35,3,0,11,15,282.61,6,Kanamycin,DB01172
449.7360000000001,4.204500000000001,27,29,3,3,2,5,79.89999999999999,8,Parogrelil,DB19744
323.43600000000004,3.7835000000000027,24,26,3,2,0,3,29.54,5,1-(2-Phenylethyl)-4-phenyl-4-acetoxypiperidine,DB01562
294.526,3.5582000000000025,18,17,0,0,2,4,40.46,15,Tiadenol,DB13348
304.3060000000001,0.3247999999999994,22,23,2,1,5,7,137.57000000000002,6,2-Oxy-4-Hydroxy-5-(2-Hydrazinopyridine)Phenylalanine,DB01634
777.212999999999,14.139199999999972,55,58,4,2,2,4,92.34,30,Chaulmosulfone,DB19646
511.6220000000003,4.719120000000005,38,42,5,4,1,6,75.02000000000001,8,Upidosin,DB21230
233.24499999999998,-0.7949999999999999,15,16,2,0,1,4,91.75,1,Sulbactam,DB09324
388.5040000000002,4.294900000000004,28,31,4,0,1,4,80.67000000000002,4,Testosterone succinate,DB08619
331.8680000000001,4.880900000000004,22,24,3,2,0,3,12.47,4,Zotepine,DB09225
275.39500000000004,4.553800000000004,21,23,3,2,0,1,3.24,3,Cyclobenzaprine,DB00924
286.415,3.9433000000000034,21,24,4,0,0,2,34.14,0,1-Androstenedione,DB01451
448.37600000000015,5.876200000000005,28,29,2,2,0,3,29.54,12,R048-8071,DB02016
330.801,3.6797000000000004,10,10,1,1,1,1,20.23,0,"2,4,6-Tribromophenol",DB02417
296.248,3.850620000000001,21,22,2,2,2,3,62.220000000000006,3,Flunixin,DB11518
594.6430000000004,0.9722000000000052,41,42,2,1,5,10,208.57999999999998,18,Barzuxetan,DB21132
222.37199999999996,4.2302000000000035,16,16,1,0,1,1,20.23,4,Levomenol,DB13153
206.20393800000002,0.23889999999999956,14,13,0,0,3,3,100.62,7,Florilglutamic acid F-18,DB15041
272.303,4.613200000000003,21,24,4,4,0,2,30.21,1,alpha-Naphthoflavone,DB07453
349.77400000000006,0.7108000000000003,24,26,3,1,3,4,112.73000000000002,4,7-(2-Amino-2-Phenyl-Acetylamino)-3-Chloro-8-Oxo-1-Aza-Bicyclo[4.2.0]Oct-2-Ene-2-Carboxylic Acid,DB04293
346.33900000000017,2.1756,25,26,2,1,1,7,107.77,4,Nifedipine,DB01115
294.4460000000001,-0.7021999999999973,18,17,0,0,4,6,110.24,11,Alethine,DB05800
150.17699999999996,2.0438,11,11,1,1,1,2,29.46,2,4-Vinylguaiacol,DB03514
381.42800000000005,4.452000000000003,27,30,4,3,1,4,55.4,5,Netoglitazone,DB09199
197.281,-0.22800000000000004,11,10,0,0,3,5,83.55000000000001,6,"S,S-(2-Hydroxyethyl)Thiocysteine",DB04530
573.7460000000001,5.368120000000005,42,47,6,3,2,10,116.82,8,WNY0824,DB23606
1313.0940000000003,0.459800000000005,76,80,5,4,14,15,381.09999999999985,17,AP-102,DB18206
638.6570000000003,7.103640000000007,45,49,5,3,1,7,87.38,7,Evacetrapib,DB11655
330.355,4.048500000000003,24,25,2,2,0,4,52.6,5,Flurbiprofen axetil,DB14938
321.764,0.8328,22,24,3,1,1,6,71.53,4,NSC-663284,DB17038
251.05,1.56828,19,21,3,2,1,4,62.48,2,Crisaborole,DB05219
111.10000000000001,0.2391799999999999,8,7,0,0,0,3,50.09,1,Mecrylate,DB21343
445.2630000000001,-1.8413000000000004,27,29,3,2,6,10,218.82999999999996,6,2-deazo-6-thiophosphate guanosine-5'-monophosphate,DB03146
376.395,3.1808200000000015,28,32,5,4,1,7,77.23,4,MAK-683,DB19205
329.312,1.5609,24,25,2,2,2,6,110.11,6,Opiniazide,DB20867
254.289,1.5276,19,20,2,2,2,3,86.18,4,Nepafenac,DB06802
285.416,3.634400000000003,20,22,3,2,0,4,19.370000000000005,3,Isothipendyl,DB08802
531.6970000000003,4.587640000000003,39,41,3,3,4,5,113.67999999999999,13,"3-Amino-N-{4-[2-(2,6-Dimethyl-Phenoxy)-Acetylamino]-3-Hydroxy-1-Isobutyl-5-Phenyl-Pentyl}-Benzamide",DB04378
364.3580000000002,-0.31519999999999815,26,28,3,0,2,8,116.82,6,Diaziquone,DB17174
468.3810000000002,4.091100000000003,31,32,2,2,2,5,79.9,11,Cloxacepride,DB21428
219.24399999999997,0.7045000000000002,16,17,2,2,4,3,105.13,3,2-amino-3-(4-amino-1H-indol-3-yl)propanoic acid,DB02286
349.39300000000003,1.73267,23,25,3,2,3,6,126.25,3,"4-{5-[(Z)-(2-Imino-4-Oxo-1,3-Thiazolidin-5-Ylidene)methyl]furan-2-Yl}benzenesulfonamide",DB07534
593.135,6.371780000000006,43,49,8,5,2,9,113.45000000000002,7,Tilpisertib,DB18798
455.82000000000005,4.020200000000002,31,33,3,2,3,4,98.74000000000001,4,AVE-2865,DB07396
154.75599999999997,-1.3405,6,4,0,0,0,4,80.25999999999999,0,Nickel sulfate,DB14180
275.35099999999994,2.03552,17,17,1,1,2,5,87.49,7,Tiprotimod,DB20695
368.52399999999994,5.1070000000000055,28,31,4,3,0,2,6.48,6,Cinnarizine,DB00568
310.357,2.5358600000000004,23,24,2,2,1,6,94.85999999999999,6,Lersivirine,DB11649
344.5390000000001,5.007300000000006,25,28,4,0,1,2,37.3,1,Dimepregnen,DB21355
500.73100000000034,7.001800000000007,37,41,5,3,3,4,69.81,13,(R)-tacrine(10)-hupyridone,DB04614
196.22400000000002,-2.2839000000000005,12,12,1,0,5,6,90.15,1,1-thio-beta-D-glucopyranose,DB03859
385.48400000000015,1.3979999999999997,28,32,5,1,3,4,100.62,3,Methylsamidorphan,DB15241
446.44800000000015,4.555000000000004,32,36,5,3,1,4,64.15,6,Sisunatovir,DB15674
384.46500000000015,2.6351200000000006,27,30,4,3,2,7,101.80000000000001,6,4-{[4-(1-CYCLOPROPYL-2-METHYL-1H-IMIDAZOL-5-YL)PYRIMIDIN-2-YL]AMINO}-N-METHYLBENZENESULFONAMIDE,DB07791
314.211,2.9054000000000024,19,18,0,0,3,4,113.29000000000002,8,Geranyl Diphosphate,DB02552
585.6570000000004,3.4236000000000013,43,46,4,3,4,5,153.11,11,RU85053,DB03712
518.4860000000002,-1.9861999999999966,34,37,4,1,4,12,231.11999999999998,9,Ancremonam,DB19710
424.0880000000001,5.456800000000003,22,24,3,3,1,3,50.44,3,Benzbromarone,DB12319
476.4510000000001,5.686300000000005,34,37,4,4,1,6,86.72,10,2-{5-[3-(7-PROPYL-3-TRIFLUOROMETHYLBENZO[D]ISOXAZOL-6-YLOXY)PROPOXY]INDOL-1-YL}ETHANOIC ACID,DB07053
182.248,0.8676200000000001,12,13,2,1,1,3,45.75,0,"2-methyl-3,5,7,8-tetrahydro-4H-thiopyrano[4,3-d]pyrimidin-4-one",DB07677
245.30200000000002,2.0849399999999996,18,19,2,2,0,3,45.370000000000005,3,"3,5-DIMETHYL-1-PHENYL-1H-PYRAZOLE-4-CARBOXYLIC ACID ETHYL ESTER",DB07051
454.01100000000014,2.8808000000000016,31,32,2,1,4,4,101.9,6,BMS-817399,DB14941
